Name,Province,Website,Address,City,Region,,,,REGION - Alberta,
Airdrie Islamic Education and Wellness Center,Alberta,,505 Main St S #314 (also 2920 Kingsview Blvd SE #3161),Airdrie,Rocky View County,,,,Calgary,Calgary Division
Akram Jomaa Islamic Centre,Alberta,https://www.akramjomaa.com/,2624 39th Ave NE,Calgary,Calgary Division,,,,Camrose,Camrose
Al Ameen Masjid,Alberta,https://alameenmasjid.ca/,5410 122 Ave NW,Edmonton,Edmonton Division,,,,Cold Lake,Cold Lake
Al Kareem Mosque,Alberta,https://kareemmosque.ca/,10223 94 Avenue,Lac La Biche,Lac La Biche County,,,,Drayton Valley,Edmonton Division
Al Medina Mosque,Alberta,https://medinamosque.ca/,12944 52 St NW,Edmonton,Edmonton Division,,,,Edmonton,Edmonton Division
Al-Furqan Mosque & Learning Centre,Alberta,https://alfurqanlearningcentre.ca/,4940 54 Ave Unit 2,Red Deer,Red Deer,,,,Fort Saskatchewan,Edmonton Division
Al-Hedaya Islamic Centre,Alberta,https://alhedayacentre.ca/,108 Savanna Ave NE,Calgary,Calgary Division,,,,Grande Prairie,Grande Prairie
Al-Rayyan Mosque,Alberta,https://globalislamic.org/,21406 100 Ave NW #3,Edmonton,Edmonton Division,,,,Lac La Biche,Lac La Biche County
Al-Salam Centre,Alberta,https://www.alsalaam.ca/,"6415 Ranchview Dr NW, Calgary, AB T3G 1B",Calgary,Calgary Division,,,,Leduc,Leduc
Alfalah Calgary Islamic Center (ACIC),Alberta,https://alfalahcalgary.ca/,"1411 33 St NE #8, Calgary, AB T2A 5P1",Calgary,Calgary Division,,,,Lethbridge,Lethbridge
Annoor Mosque,Alberta,https://masjidannoor.ca,3032 106 st edmonton,Edmonton,Edmonton Division,,,,Vegreville,Minburn
Assiddiq Islamic Center,Alberta,https://assiddiq.ca/,5525 Gateway Blvd NW,Edmonton,Edmonton Division,,,,Peace River,Northern Sunrise
At-Taqwa Mosque,Alberta,https://masjidtaqwa.ca/,10654 101 St NW,Edmonton,Edmonton Division,,,,Red Deer,Red Deer
Baitul Mukarram Islamic Centre Calgary,Alberta,https://www.bmicc.online/,3770 Westwinds Dr NE Unit 207,Calgary,Calgary Division,,,,Airdrie,Rocky View County
Calgary Islamic Centre SW Masjid (CICSW) - Mosque,Alberta,https://cicsw.ca/,5615 14 Ave SW,Calgary,Calgary Division,,,,St. Albert,St. Albert
Camrose Muslim Community Mosque,Alberta,https://www.irizq.com/index.php/camrose-muslim-community-mosque,"4610 49 Ave, Camrose, AB T4V 1G7",Camrose,Camrose,,,,Stettler,Stettler
Canadian Islamic Center - Al Rashid Mosque (Masjid),Alberta,http://www.alrashidonline.com,13070 113 St NW,Edmonton,Edmonton Division,,,,Sherwood Park,Strathcona County
Cold lake mosque,Alberta,,5003 50 Ave,Cold Lake,Cold Lake,,,,Wetaskiwin / Leduc,Wetaskiwin / Leduc
Darul-Hadith Edmonton (Ahle-Hadith Society of Canada),Alberta,https://ahlehadithcanada.org/edmonton/,7708a Wagner Rd NW,Edmonton,Edmonton Division,,,,Fort McMurray,Wood Buffalo
Downtown Calgary Mosque (IISC),Alberta,https://www.iisc.ca/,1009 7 Ave SW,Calgary,Calgary Division,,,,Edson,Yellowhead
Fairview Southeast Mosque (IISC),Alberta,https://www.iisc.ca/,230 78 Ave SE,Calgary,Calgary Division,,,,REGION - British Columbia,
Fort Masjid,Alberta,https://www.fortmasjid.ca/PrayerTimes,"10203 100 Ave (Basement unit), Fort Saskatchewan, AB T8L 1Y7, Canada",Fort Saskatchewan,Edmonton Division,,,,Victoria,Capital Regional District
Fort McMurray Islamic Centre,Alberta,https://markazulislam.com/,"109 Abraham Dr, Fort McMurray, AB T9H 0J1",Fort McMurray,Wood Buffalo,,,,Williams Lake,Cariboo
Hazrat Bilal Islamic Center,Alberta,https://hbic.ca/,20 Saddlestone Dr,Calgary,Calgary Division,,,,Kelowna,Central Okanagan
ICNA Edmonton / Al-Falah Center,Alberta,https://alfalahcenter.ca/,2401 47 St NW,Edmonton,Edmonton Division,,,,Campbell River,Comox Valley
Imam Azam Islamic Centre,Alberta,https://jamiaimameazam.com/,4821 Westwinds Dr NE,Calgary,Calgary Division,,,,Abbotsford,Fraser Valley
Islamic Association of Grande Prairie,Alberta,https://masjedgp.ca/,"10117 101 Ave, Grande Prairie, AB T8V 0Y2",Grande Prairie,Grande Prairie,,,,Chilliwack,Fraser Valley
Islamic Centre Of South Calgary,Alberta,https://icsouthcalgary.com/,180 Legacy Main St SE Unit 110 (also 539 Queensland Dr SE),Calgary,Calgary Division,,,,Prince George,Fraser–Fort George
Islamic Information Society of Calgary (IISC),Alberta,https://www.iisc.ca/,4128 6 St NE,Calgary,Calgary Division,,,,Castlegar,Kootenay Boundary
Islamic Society of Edson,Alberta,,4831 4 Ave,Edson,Yellowhead,,,,Burnaby,Metro Vancouver
Jamia Riyadhul Jannah (JRJ Mosque),Alberta,https://jrjedmonton.org/,6650 4 Ave SW (also 331 71 St SW),Edmonton,Edmonton Division,,,,Delta,Metro Vancouver
Leduc Islamic Center,Alberta,https://www.leducislamicassociation.com/,5210 50 Ave,Leduc,Leduc,,,,Langley,Metro Vancouver
Lethbridge Islamic Centre,Alberta,https://lethbridgemuslims.ca/,"207 13 St N, Lethbridge, AB T1H 2R6",Lethbridge,Lethbridge,,,,Maple Ridge,Metro Vancouver
Markaz ul Islam (mosque),Alberta,https://markaz.ca/,7907 36 Ave NW,Edmonton,Edmonton Division,,,,North Vancouver,Metro Vancouver
Markaz-Ul-Islam,Alberta,https://markazulislam.com/,9904 Gordon Ave (also 109 Abraham Dr),Fort McMurray,Wood Buffalo,,,,Port Coquitlam,Metro Vancouver
Maryam Masjid (IANWC),Alberta,https://www.ianwc.ca/,183 Beddington Dr NE,Calgary,Calgary Division,,,,Port Moody,Metro Vancouver
Masjid Al Farooq,Alberta,https://masjidalfarooq.ca/,"345 Woodvale Rd W, Edmonton, AB T6L 3Z7",Edmonton,Edmonton Division,,,,Richmond,Metro Vancouver
Masjid Al Fatima,Alberta,https://masjidalfatima.com/,"9275 25 Ave NW, Edmonton, AB T6N 1N2",Edmonton,Edmonton Division,,,,Surrey,Metro Vancouver
Masjid Al Omari,Alberta,https://www.alomarimasjid.ca/,"6504 137 Ave NW, Edmonton, AB T5A 1R8",Edmonton,Edmonton Division,,,,Vancouver,Metro Vancouver
Masjid Al-Imam Al-Shafie,Alberta,,11748 95 St,Edmonton,Edmonton Division,,,,White Rock,Metro Vancouver
Masjid Al-Salaam (Clareview Mosque),Alberta,https://masjidalsalaam.ca/,550 Clareview Rd NW #120,Edmonton,Edmonton Division,,,,Nanaimo,Nanaimo
Masjid Ayesha,Alberta,https://masjidayesha.ca/,1741 170 St SW,Edmonton,Edmonton Division,,,,Vernon,North Okanagan
Masjid Bilal Da'wa Center,Alberta,Masjid bilal,"4527 6a St NE, Calgary, AB T2E 4B2",Calgary,Calgary Division,,,,Fort St. John,Peace River–Liard
Masjid Dar Al Sunnah,Alberta,https://daralsunnah.com/,"9228 144 Ave NW, Edmonton, AB T5E 3W3",Edmonton,Edmonton Division,,,,REGION - Manitoba,
Masjid Ibn Masood (Darul Uloom Alberta),Alberta,https://ibnmasood.ca/,"937 Fir St #116b, Sherwood Park, AB T8A 4N6",Sherwood Park,Strathcona County,,,,Brandon,Brandon Region
Masjid In the Park,Alberta,https://www.masjidinthepark.org/,125 Broadview Dr,Sherwood Park,Strathcona County,,,,Morden,Pembina Valley
MCE Mosque,Alberta,https://www.mcemosque.com/,10721 86 Ave NW,Edmonton,Edmonton Division,,,,Winnipeg,Winnipeg Region
Muslim Association of Canada (MAC) - Edmonton,Alberta,https://centres.macnet.ca/rahmamosque/,"6104 172 St NW, Edmonton, AB T6M 1E3",Edmonton,Edmonton Division,,,,REGION - New Brunswick,
Muslim Association of St. Albert,Alberta,https://www.stalbertmosque.com/,"315 Carleton Dr Unit 20, St. Albert, AB T8N 7L1",St. Albert,St. Albert,,,,Campbellton,Campbellton Region
Omar Ibn Al-Khattab Centre (OIAC),Alberta,https://www.oiacedmonton.ca/,6005 103A St NW (also 110 1011 Parsons Rd SW),Edmonton,Edmonton Division,,,,Miramichi,Northumberland County
Peace Country Islamic Center,Alberta,,9714 90 Ave,Peace River,Northern Sunrise,,,,Saint John,Saint John Region
Quba Mosque : Jama Mosque,Alberta,https://masjidquba.ca/,10210 118 Ave NW,Edmonton,Edmonton Division,,,,Moncton,Westmorland County
Ranchland Musallah (IANWC),Alberta,https://www.ianwc.ca/,7750 Ranchview Dr NW #23,Calgary,Calgary Division,,,,Fredericton,York County
Red Deer Islamic Centre,Alberta,https://rdic.ad-din.site/,"195 Douglas Ave, Red Deer, AB T4R 2G2",Red Deer,Red Deer,,,,REGION - Newfoundland & Labrador,
Sahaba Mosque,Alberta,https://sahabamosque.com/prayer.html,9216 105 Ave NW,Edmonton,Edmonton Division,,,,Gander,Central Newfoundland
Salam Mosque,Alberta,,"Unit 111 4930 55th Ave Drayton Valley, Alberta T7A 1W2, Drayton Valley, AB, Canada, T7A1W2",Drayton Valley,Edmonton Division,,,,St. John’s,St. John’s Metropolitan Area
Stettler Islamic Center,Alberta,https://timesofsalah.com/canada/alberta/stettler/stettler-islamic-center,"39004 Range Rd 193, Stettler, AB T0C 2L0",Stettler,Stettler,,,,REGION - Nova Scotia,
Vegreville Muslim Association,Alberta,https://vegrevillemuslims.com/,4932 51 Ave,Vegreville,Minburn,,,,Antigonish,Antigonish County
Wetaskiwin & Leduc Muslim Asso,Alberta,https://www.leducislamicassociation.com/about,"5402 47a Ave, Wetaskiwin, AB T9A 0L9",Wetaskiwin / Leduc,Wetaskiwin / Leduc,,,,Sydney,Cape Breton Region
Abbotsford Islamic Center,British Columbia,https://org.thebcma.com/abbotsford,1980 Salton Road (also 30640 Blueridge Dr),Abbotsford,Fraser Valley,,,,Bedford,Halifax Region
Abu Bakr Islamic Centre,British Columbia,https://www.abubakr.ca/,7375 144th Street,Surrey,Metro Vancouver,,,,Dartmouth,Halifax Region
Ajyal Islamic Centre,British Columbia,https://www.ajyal.ca/,181 Keefer Pl #202,Vancouver,Metro Vancouver,,,,Halifax,Halifax Region
Al Iman Islamic Centre,British Columbia,https://al-imancenter.com/,"13478 78 Ave Unit #18, Surrey, BC V3W 8J6",Surrey,Metro Vancouver,,,,Wolfville,Kings County
Al-Ahad Islamic Center,British Columbia,https://dawahbc.ca/,"7536 130 St Unit 133, Surrey, BC V3W 1H8",Surrey,Metro Vancouver,,,,Trenton,Pictou County
Ar-Rahman Mosque,British Columbia,https://northvanmasjid.ca/,1398 W 15th St,North Vancouver,Metro Vancouver,,,,REGION - Nunavut,
Castlegar Mosque,British Columbia,,2409 6th Ave,Castlegar,Kootenay Boundary,,,,Iqaluit,Iqaluit Region
Chilliwack Islamic Center,British Columbia,https://thebcma.com/,45795 Victoria Ave (also 45845 Yale Rd W),Chilliwack,Fraser Valley,,,,REGION - Prince Edward Island,
Cloverdale Islamic Society,British Columbia,https://cloverdaleislamiccenter.com/,"17665 66A Ave Unit 208, Surrey, BC V3S 2A7",Surrey,Metro Vancouver,,,,Charlottetown,Charlottetown Region
Dar Al-Ihsan Islamic Center,British Columbia,https://muslimyv.ca/,"2504 Government St #206, Victoria, BC V8T 4P7",Victoria,Capital Regional District,,,,REGION - Ontario,
Faizan-e-Madina Islamic Center,British Columbia,https://dawateislamicanada.net/about-us,7062 134 St,Surrey,Metro Vancouver,,,,Shelburne,Dufferin County
Fiji Islamic Center,British Columbia,https://www.awqat.net/masjid/fiji-islamic-centre,12988 84 Ave,Surrey,Metro Vancouver,,,,Ajax,Durham Region
Fleetwood Islamic Center,British Columbia,https://fleetwoodislamiccentre.com/,8462 162 St #209,Surrey,Metro Vancouver,,,,Clarington,Durham Region
Guildford Islamic Cultural Center (GICC),British Columbia,https://giccmasjid.org/,15290 103A Ave #101,Surrey,Metro Vancouver,,,,Oshawa,Durham Region
Islamic Centre of Campbell River,British Columbia,https://islamiccentrecampb.wixsite.com/iccr,"437 10 Ave, Campbell River, BC V9W 4E4",Campbell River,Comox Valley,,,,Pickering,Durham Region
Islamic Centre of Nanaimo,British Columbia,,905 Hecate Street,Nanaimo,Nanaimo,,,,Whitby,Durham Region
Islamic Centre of Port Moody(Al-Ihsan Islami Center),British Columbia,https://www.awqat.net/masjid/al-ihsan-islamic-centre,"2701B Esplanade Ave, Port Moody, BC V3H 3P4",Port Moody,Metro Vancouver,,,,LaSalle,Essex County
Jamia Masjid Aulia Allah,British Columbia,https://www.iawc.ca/,12658 100 Ave,Surrey,Metro Vancouver,,,,Tecumseh,Essex County
Jamia Riyadhul Jannah,British Columbia,http://riyadhuljannahmosque.com/,27079 River Rd,Maple Ridge,Metro Vancouver,,,,Windsor,Essex County
Kelowna Islamic Center,British Columbia,http://kelowna.thebcma.com/,1120 Hwy 33,Kelowna,Central Okanagan,,,,Burlington,Halton Region
Marpole musalla,British Columbia,https://nwmis.org/,8879 Selkirk St,Vancouver,Metro Vancouver,,,,Georgetown,Halton Region
Masjid Al-Iman,British Columbia,https://org.thebcma.com/victoria,"2218 Quadra St, Victoria, BC V8T 4C7",Victoria,Capital Regional District,,,,Milton,Halton Region
Masjid Al-Noor: Mosque of Lights,British Columbia,https://www.awqat.net/masjid/masjid-al-noor,"13526 98a Ave, Surrey, BC V3T 1C8",Surrey,Metro Vancouver,,,,Oakville,Halton Region
Masjid Al-Salaam,British Columbia,http://bcmaburnaby.org/,5060 Canada Way,Burnaby,Metro Vancouver,,,,Thorold,Niagara Region
Masjid Alhidayah - Islamic Society of BC,British Columbia,https://theisbc.ca/,2626 Kingsway Ave,Port Coquitlam,Metro Vancouver,,,,Brampton,Peel Region
Masjid Alsahaba (The companion Mosque),British Columbia,https://masjidalsahaba.ca/,"5768 203 St, Langley, BC V3A 1W3",Langley,Metro Vancouver,,,,Mississauga,Peel Region
Masjid Anwar-E-Madina,British Columbia,https://anwaremadina.ca/,"13560 105A Ave, Surrey, BC V3T 2A9",Surrey,Metro Vancouver,,,,Bradford,Simcoe County
Masjid Omar Al-Farooq,British Columbia,https://www.masjidomar.ca/,"1659 E 10th Ave, Vancouver, BC V5N 1X6",Vancouver,Metro Vancouver,,,,Downtown Toronto,Toronto
Masjid Ul-Haqq,British Columbia,http://vancouver.thebcma.com/,4162 Welwyn St,Vancouver,Metro Vancouver,,,,East Toronto,Toronto
Masjid-Ur-Rahmah,British Columbia,http://surreyeast.thebcma.com/,13585 62 Ave,Surrey,Metro Vancouver,,,,East York,Toronto
Masjidul Huda,British Columbia,https://www.awqat.net/masjid/masjid-al-huda,14136 Grosvenor Rd,Surrey,Metro Vancouver,,,,Etobicoke,Toronto
Musallah Al Muhajireen Mosque Masjid,British Columbia,https://masjidbox.com/prayer-times/musallah-muhajireen,"2525 McCallum Rd, Abbotsford, BC V2S 3R1",Abbotsford,Fraser Valley,,,,North York,Toronto
Muslim Association of Canada- MAC,British Columbia,https://www.awqat.net/masjid/mac-vancouver,"2122 Kingsway, Vancouver, BC",Vancouver,Metro Vancouver,,,,Scarborough,Toronto
North Delta Islamic Centre,British Columbia,https://org.thebcma.com/delta,11146 84 Ave,Delta,Metro Vancouver,,,,West Toronto,Toronto
Peace River Muslim Association,British Columbia,http://fsjmosque.com/,9715 102 Street,Fort St. John,Peace River–Liard,,,,Cambridge,Waterloo Region
Prince George Islamic Centre,British Columbia,http://pg.thebcma.com/,4668 5th Ave,Prince George,Fraser–Fort George,,,,Waterloo,Waterloo Region
Surrey Jamea Masjid,British Columbia,https://org.thebcma.com/surreydelta,"12407 72 Ave, Surrey, BC V3W 0S9",Surrey,Metro Vancouver,,,,Erin,Wellington County
The BC Muslim Association,British Columbia,https://thebcma.com/,12300 Blundell Rd (Richmond HQ),Richmond,Metro Vancouver,,,,Markham,York Region
UNITED CANADIAN MUSLIM ASSOCIATION VANCOUVER BRANCH,British Columbia,https://ucmavancouver.org/,4676 Marine Dr,Burnaby,Metro Vancouver,,,,Stouffville,York Region
Vancouver Islamic Center,British Columbia,https://vancouverislamiccenter.com/,6436 Fraser St,Vancouver,Metro Vancouver,,,,Vaughan,York Region
Vernon Mosque & Islamic Centre,British Columbia,https://vernonmosquecom.wordpress.com/,3414 17th Ave,Vernon,North Okanagan,,,,Barrie,
White Rock Muslim Association - Musallah,British Columbia,https://whiterockmuslims.com/,"15515 24 Ave #61, Surrey, BC V4A 2J4",White Rock,Metro Vancouver,,,,Brantford,Brant County
Williams Lake Muslim Committee,British Columbia,https://www.theccic.ca/,"1000 Huckvale Pl, Williams Lake, BC V2G 4L2",Williams Lake,Cariboo,,,,Caledonia,
AL-HAQQ MASJID Winnipeg,Manitoba,https://alhaqqcanada.ca/,500 Dovercourt Dr,Winnipeg,Winnipeg Region,,,,Chatham-Kent,
Faizan E Makkah Winnipeg,Manitoba,,509 St Mary’s Rd (also 509 Trans-Canada Hwy),Winnipeg,Winnipeg Region,,,,Collingwood,
ICNA Centre & Mosque,Manitoba,https://www.icnawinnipeg.ca/,"426 St Anne's Rd, Winnipeg, MB R2M 3C6",Winnipeg,Winnipeg Region,,,,Cornwall,
Jamia Masjid Abu Bakr Al-Siddique & Community Centre,Manitoba,,794 Ellice Avenue,Winnipeg,Winnipeg Region,,,,Guelph,
Manitoba Dawah Centre,Manitoba,https://manitobadc.com/,368 Edmonton Street,Winnipeg,Winnipeg Region,,,,Hamilton,
Manitoba Islamic Association (MIA) Grand Mosque,Manitoba,https://www.miaonline.org/,2445 Waverley St,Winnipeg,Winnipeg Region,,,,Hawkesbury,
Manitoba Islamic Centre,Manitoba,https://miaonline.org/,247 Hazelwood Ave,Winnipeg,Winnipeg Region,,,,Kingston,
MASJID BEIT NABALLA,Manitoba,https://bnmosque.org/,"325 Wallasey St, Winnipeg, MB R3J 3C3",Winnipeg,Winnipeg Region,,,,London,
Masjid Bilal - Winnipeg Islamic Centre,Manitoba,https://bilalcentre.ca/,33 Warnock Street,Winnipeg,Winnipeg Region,,,,Central Ottawa,Ottawa
Masjid Zubaidah Tallab,Manitoba,https://sites.google.com/view/masjid-zubaidah-tallab?usp=sharing,335 Thompson Drive,Winnipeg,Winnipeg Region,,,,Sault Ste. Marie,
Morden mosque PVIS,Manitoba,https://pvis.ca/,300A N Railway St,Morden,Pembina Valley,,,,Paris,Brant County
Pakistan Centre Masjid,Manitoba,https://prayersconnect.com/mosques/12417186-pakistan-center-masjid-winnipeg-manitoba-canada,346 Ross Ave,Winnipeg,Winnipeg Region,,,,Sudbury,Northern Ontario
The Brandon Islamic Center,Manitoba,https://bicmanitoba.ca/,834 10th Street,Brandon,Brandon Region,,,,Lincoln,Niagara Region
Winnipeg Rahma Islamic Centre,Manitoba,https://rahmaonline.org/,"574 Watt St, Winnipeg, MB R2K 4K1",Winnipeg,Winnipeg Region,,,,Belleville,Quinte Region
Abu Huraira Mosque msjid,New Brunswick,https://abuhurairahmasjidsj.net/,"370 Somerset St, Saint John, NB E2K 2Y4",Saint John,Saint John Region,,,,Niagara Falls,Niagara Region
Al-nour Center,New Brunswick,https://prayersconnect.com/mosques/12485949-al-nour-center-fredericton-new-brunswick-canada,139 Riverside Dr,Fredericton,York County,,,,Stirling,
Centre communautaire islamique d Edmundston,New Brunswick,https://www.frederictonislamicassociation.com/,130 Lincoln Road,Fredericton,York County,,,,Richmond Hill,York Region
Fredericton Islamic Association - Fredericton Mosque,New Brunswick,https://www.frederictonislamicassociation.com/,130 Lincoln Road,Fredericton,York County,,,,Kitchener,Waterloo Region
Jamia Riyadhul Jannah - JRJ Saint John Mosque,New Brunswick,https://prayersconnect.com/mosques/12426688-jamia-riyadhul-jannah-saint-john-new-brunswick-canada,1100 Rothesay Road,Saint John,Saint John Region,,,,Peterborough,
Masjid NOUR,New Brunswick,Masjid Nour,"88 Roseberry St, Campbellton, NB E3N 5B8",Campbellton,Campbellton Region,,,,Kincardine,Bruce County
Miramichi Islamic Center,New Brunswick,http://miramichimuslim.com/,514 Water Street,Miramichi,Northumberland County,,,,Lindsay,
Moncton Mosque,New Brunswick,https://www.monctonmuslimassociation.com/,99 High Street,Moncton,Westmorland County,,,,West Ottawa,Ottawa
Muslim Association of New Brunswick,New Brunswick,https://manb.ca/,1100 Rothesay Road,Saint John,Saint John Region,,,,East Ottawa,Ottawa
Gander mosque & Islamic centre,Newfoundland and Labrador,,126 Roe Avenue,Gander,Central Newfoundland,,,,South Ottawa,Ottawa
ICNA Newfoundland- Al Falah Islamic Center,Newfoundland and Labrador,https://icnanewfoundland.ca/,47 Smith Avenue,St. John’s,St. John’s Metropolitan Area,,,,North Ottawa,Ottawa
Midnight Sun Mosque (Inuvik Masjid),Northwest Territories,,"29 Wolverine Rd, Inuvik, NT X0E 0A5",Inuvik,Inuvik Region,,,,Trenton,Quinte Region
Cape Breton Muslim Socity Masjid,Nova Scotia,http://capebretonmuslimsociety.com/,70 James Street,Sydney,Cape Breton Region,,,,Cobourg,Northumberland County
Centre for Islamic Development,Nova Scotia,https://www.cidonline.ca/,2728 Robie Street,Halifax,Halifax Region,,,,Welland,Niagara Region
Islamic Association Of Nova Scotia,Nova Scotia,https://www.islamnovascotia.ca/,42 Leaman Drive,Dartmouth,Halifax Region,,,,Aurora,York Region
Nova Scotia Islamic Community Center (NSICC),Nova Scotia,https://nsicc.ca/,"2141 Larry Uteck Blvd, Bedford, NS B4B 1E2",Bedford,Halifax Region,,,,St. Catharines,Niagara Region
Trenton/New Glasgow (Pictou) County Masjid/Mosque.,Nova Scotia,https://pictoucountymasjid.ca/,"25 Forge St, Trenton, NS B0K 1X0",Trenton,Pictou County,,,,Fort Erie,Niagara Region
Ummah Masjid and Community Center of Antigonish (UMCCA),Nova Scotia,https://www.ummahmasjid.ca/,"232 Main St, Antigonish, NS B2G 2C2",Antigonish,Antigonish County,,,,Kemptville,
Ummah Masjid and Community Centre (UMCC),Nova Scotia,https://www.ummahmasjid.ca/,2510 St Matthias St,Halifax,Halifax Region,,,,York,Toronto
United Muslims of Halifax,Nova Scotia,https://unitedmuslimsofhalifax.ca/,12 Hillcrest St,Halifax,Halifax Region,,,,Thorold,Niagara Region
Wolfville Masjid - Ummah Masjid and Community Centre (UMCC),Nova Scotia,https://www.ummahmasjid.ca/wolfville-mosque/,"120 Highland Ave, Wolfville, NS B4P 1Z7",Wolfville,Kings County,,,,Woodstock,Oxford County
Iqaluit Masjid,Nunavut,https://www.iqaluitmasjid.com/,"4121 Road to Nowhere, Iqaluit, NU X0A 0H0",Iqaluit,Iqaluit Region,,,,Newmarket,York Region
1Ummah Education And Resource Center,Ontario,https://1ummah.netlify.app/,"40 New Delhi Dr #110, Markham, ON L3S 0B5, Canada",Markham,York Region,,,,North Bay,Northern Ontario
65 Musalla,Ontario,https://65musalla.com/,"65 Thorncliffe Park Drive, East York, ON M4H 1L2",East York,Toronto,,,,Komoka,Middlesex County
71 Musallah,Ontario,,"71 Thorncliffe Park Dr, East York, ON M4H 1L3, Canada",East York,Toronto,,,,Orangeville,Dufferin County
966 ICNA Masjid,Ontario,https://themasjidapp.org/966icna,"966 Dundas St E, Unit 14, Mississauga, ON L4Y 4H5",Mississauga,Peel Region,,,,Deep River,Renfrew County
Aadam Mosque,Ontario,https://www.masjidadam.com/,"1759 Bloor St, Mississauga, ON L4X 1S7",Mississauga,Peel Region,,,,Owen Sound,Grey County
Abu Huraira Centre,Ontario,https://www.abuhuraira.org/,"270 Yorkland Blvd, North York, ON M2J 5C9",North York,Toronto,,,,Pembroke,Renfrew County
Abu Ubaydah Islamic Centre,Ontario,https://www.abuubaydah.org/,"256 Eddystone Avenue, North York, ON M3N 1H7",North York,Toronto,,,,Lakefield,Peterborough County
Agincourt Muslim Association,Ontario,https://agincourtma.org/,"3609B Sheppard Ave, Scarborough, ON",Scarborough,Toronto,,,,Port Elgin,Bruce County
Al Ansar Islamic Center,Ontario,https://www.alansarislamiccenter.com/,"43 Railside Rd, North York, ON M3A 3L9",North York,Toronto,,,,Port Perry,Durham Region
Al Bukhari Community Centre,Ontario,https://ajrcanada.com/,"1101 Finch Ave W, Unit 10, North York, ON M3J 3L6",North York,Toronto,,,,Sarnia,Lambton County
Al Falah Islamic Centre,Ontario,https://icna.website/alfalahcentre/,"391 Burnhamthorpe Rd E, Oakville, ON L6H 7B4",Oakville,Halton Region,,,,Amhertsburg,Essex County
Al Hassan Community Centre,Ontario,https://alhassan.ca/,"11655 McVean Dr, Unit 13, Brampton, ON",Brampton,Peel Region,,,,St. Thomas,Elgin County
Al Huda Institute Canada,Ontario,https://alhudainstitute.ca/,"5671 McAdam Road, Mississauga, ON L4Z 1N9",Mississauga,Peel Region,,,,Stratford,Perth County
Al Khalil Academy,Ontario,https://alkhalil.ca/,"43 Railside Rd, North York, ON M3A 3L9",North York,Toronto,,,,Thunder Bay,Thunder Bay District
Al Rayan Islamic Centre - Courtice Masjid,Ontario,https://www.alrayanislamiccentre.org/,"1660 Hwy 2, Courtice, ON L1E 2R6",Clarington,Durham Region,,,,Timmins,Cochrane District
Al Tawakkal Mosque,Ontario,,"1330 Gerrard St E, Toronto, ON M4L 1Z1, Canada",East York,Toronto,,,,Wilmot,Waterloo Region
Al-Arqam Islamic Centre,Ontario,https://alarqam.ad-din.site/,"1709 Harmony Rd N, Oshawa, ON L1K 0Z8",Oshawa,Durham Region,,,,REGION - Northwest Territories,
Al-Eman Islamic Centre of Canada INC.,Ontario,https://www.al-eman.ca/,"265 Enfield Pl #100D, Mississauga, ON L5B 3Y6",Mississauga,Peel Region,,,,Inuvik,Inuvik Region
Al-Firdous Islamic Centre,Ontario,https://alfirdous.ca/,"342A Marlee Ave, North York, ON M6B 3H8",North York,Toronto,,,,REGION - Newfoundland & Labrador,
"Al-Hijra Academy - Masjid And Islamic School, Preschool & Elementary School K-8",Ontario,http://alhijraacademy.com/,"5100 Howard Ave, Oldcastle, ON N9H 0M3",Tecumseh,Essex County,,,,Gander,Central Newfoundland
Al-Hikmah Centre,Ontario,https://alhikmahcenter.org/,"5650 Tomken Rd #16, Mississauga, ON L4W 4P1",Mississauga,Peel Region,,,,St. John’s,St. John’s Metropolitan Area
Al-Islah Islamic Center Brantford On,Ontario,,"200 Greenwich St, Brantford, ON N3S 2XD",,,,,,REGION - Nova Scotia,
Al-Misbah Islamic Centre,Ontario,https://amiccanada.ca/,"4383 Kingston Rd, Unit 2, Scarborough, ON M1E 2N2",Scarborough,Toronto,,,,Antigonish,Antigonish County
Al-Rashid Islamic Institute,Ontario,https://alrashid.ca/home,"18345 County Rd 2, RR 1, Cornwall, ON K6H 5R5",Cornwall,,,,,Sydney,Cape Breton Region
ALBER Mosque,Ontario,https://masjidalber.com/,"65 Ellis St E, Windsor, ON N8X 2G8, Canada",Windsor,Essex County,,,,Bedford,Halifax Region
AlFauz Musallah & Food Bank,Ontario,https://www.facebook.com/alfauzcentre,"156 Shorting Rd, Scarborough, ON M1S 3S6, Canada",Scarborough,Toronto,,,,Dartmouth,Halifax Region
Alqalam Islamic community Center,Ontario,https://alqalamcenter.org/,"2430 Dufferin Street, Toronto, ON M6E 3T1",North York,Toronto,,,,Halifax,Halifax Region
AlRisalah Islamic Centre,Ontario,,"1750A Victoria Park Ave, North York, ON M1R 1R4, Canada",North York,Toronto,,,,Wolfville,Kings County
Anatolia Islamic Centre North York (ICMG),Ontario,https://anatolianorthyork.ca/,"73 Alness St, North York, ON M3J 2H2",North York,Toronto,,,,Trenton,Pictou County
"Anatolia Islamic Centre, Mississauga",Ontario,https://anatoliacentre.ca/,"5280 Maingate Dr, Mississauga, ON L4W 1G5",Mississauga,Peel Region,,,,REGION - Québec,
Ar-Rashaad Centre,Ontario,https://arrashaad.com/,"18 Automatic Road, Unit 2, Brampton, ON L6S 5N5",Brampton,Peel Region,,,,La Sarre,Abitibi-Ouest
Assalaam Institute of Quraan,Ontario,https://assalaaminstitute.org/,"3001 Markham Rd #10, Scarborough, ON M1X 1L6",Scarborough,Toronto,,,,Rivière-du-Loup,Bas-Saint-Laurent
Atiya Institute Of Knowledge (Darul Ilm),Ontario,https://www.iokfoundation.org/,"1225 Kennedy Rd J2, Scarborough, ON M1P 4Y1, Canada",Scarborough,Toronto,,,,Brossard,Brossard Region
Baitul Aman Masjid,Ontario,https://danforthcommunitycenter.org/,"3114 Danforth Ave, Scarborough, ON M1L 1B1",Scarborough,Toronto,,,,Québec City,Capitale-Nationale
Baitul Jannah Islamic Center,Ontario,https://www.baituljannah.ca/,"2740 Kingston Road, Scarborough, ON M1M 1M7",Scarborough,Toronto,,,,Victoriaville,Centre-du-Québec
Baitul Mukarram Islamic Society,Ontario,https://bmis.ca/,"3340 Danforth Ave, Toronto, ON M1L 1C6",Scarborough,Toronto,,,,Joliette,Joliette Region
Barrie Mosque,Ontario,https://www.barriemosque.ca/,"155 Ferris Lane, Barrie, ON L4M 1Z3, Canada",Barrie,,,,,Laval,Laval Region
Bayview Muslim Community (Masjid/Mosque),Ontario,https://bayviewmuslim.ca/,"648 Finch Ave E, 2nd Floor, Unit 6, North York, ON M2K 2E6",North York,Toronto,,,,Longueuil,Longueuil Region
Bin Abbas Mosque,Ontario,http://binabbasmosque.org/,"2125 Weston Rd, York, ON M9N 1X8, Canada",North York,Toronto,,,,Saint-Hubert,Longueuil Region
Bosniacki Islamski Centar Hamilton,Ontario,https://bichamilton.com/,"202 Barton St, Stoney Creek, ON L8E 2K2",Hamilton,,,,,Chambly,Montérégie
Bosnian Canadian Islamic Centre,Ontario,https://bkic.ca/,"41 Holborn Ave, London, ON N6J 2P9",London,,,,,Saint-Jean-sur-Richelieu,Montérégie
Bosnian Islamic Assoc Gazi Husrev-Beg,Ontario,https://www.biaghb.com/,"122 N Queen St, Etobicoke, ON M8Z 5V5",Etobicoke,Toronto,,,,Montréal,Montréal Region
Bosnian Islamic Centre,Ontario,https://bictoronto.com/,"75 Birmingham St, Etobicoke, ON M8V 2C3",Etobicoke,Toronto,,,,Montréal-Nord,Montréal Region
Bradford Islamic Community Centre,Ontario,https://bradfordmosque.com/,"136 Holland St E, Unit 8, Bradford, ON L3Z 2B7",Bradford,Simcoe County,,,,Pierrefonds-Roxboro,Montréal Region
Bramalea Islamic Cultural Centre (BICC),Ontario,https://bramaleaicc.ca/,"25 Kings Cross Road, Brampton, ON L6T 3V5",Brampton,Peel Region,,,,Saint-Laurent,Montréal Region
Brampton and Regional Islamic Centre,Ontario,https://baric.ca/,"4525 Ebenezer Road, Units 3, 4 & 5, Brampton, ON L6P 2K8",Brampton,Peel Region,,,,Saint-Léonard,Montréal Region
Brampton Islamic Centre,Ontario,https://bsia.ca/,"6 Lowry Drive, Brampton, ON L7A 1C4",Brampton,Peel Region,,,,Dollard-des-Ormeaux,Montréal Region
Brampton North Community Centre,Ontario,http://bnlc.ca/,"20 Dewside Dr #7, Brampton, ON L6R 3Y3, Canada",Brampton,Peel Region,,,,Gatineau,Outaouais
Brantford Mosque,Ontario,http://www.brantfordmosque.ca/,"192 Greenwich St, Brantford, ON N3S 2X6",Brantford,Brant County,,,,Sherbrooke,Sherbrooke Region
Bukhari Community Centre & Masjid,Ontario,https://bukharicentre.com/,"1052 St. Laurent Blvd Unit 2, Ottawa, ON K1K 3B4, Canada",East Ottawa,Ottawa,,,,Vaudreuil-Dorion,Vaudreuil-Soulanges Region
Caledonia Islamic Center,Ontario,http://caledoniaislamiccenter.ca/,"29 Caithness St E, 2nd floor, Caledonia, ON N3W 1B7, Canada",Caledonia,,,,,Chibougamau,Nord-du-Québec
Cambridge Muslim Society (Jamia Umar Al-Farooq Masjid) cms,Ontario,https://cms.ad-din.site/,"282 Elgin St N, Cambridge, ON N1R 7H9",Cambridge,Waterloo Region,,,,Drummondville,Centre-du-Québec
Chatham Islamic Centre,Ontario,https://www.thecic.ca/,"310 McNaughton Ave W, Chatham, ON N7L 1R9, Canada",Chatham-Kent,,,,,La Pocatière,Bas-Saint-Laurent
Collingwood Islamic Center,Ontario,https://collingwoodic.ca/,"35 Hurontario St, Collingwood, ON L9Y 2L7, Canada",Collingwood,,,,,Trois-Rivières,Mauricie
Cultural Center Islamic Hawkesbury /Hawkesbury Islamic Cultural Center,Ontario,https://hicc-ccih.org/,"388 Main St E, Hawkesbury, ON K6A 1A9, Canada",Hawkesbury,,,,,Shawinigan,Mauricie
Danforth Islamic Centre,Ontario,https://danforthislamiccentre.com/,"3018 Danforth Ave, Toronto, ON M4C 1M7",East York,Toronto,,,,Granby,Montérégie
Dar Al-Tawheed Islamic Centre,Ontario,https://daraltawheed.ca/,"5550 McAdam Road, Mississauga, ON L4Z 1P1",Mississauga,Peel Region,,,,Saint-Hyacinthe,Montérégie
Dar Foundation,Ontario,http://www.darfoundation.com/,"485 Morden Rd, Oakville, ON L6K 3W6",Oakville,Halton Region,,,,Gatineau,Outaouais
Dar-e-Arqam (47 Musalla),Ontario,https://dar-e-arqam.ca/,"47 Thorncliffe Park Dr, East York, ON M4H 1J6",East York,Toronto,,,,Saint-Jérôme,Laurentides
"Darul Arqum , Markaz of Ottawa",Ontario,https://www.darularqum.org/,"4269 Limebank Rd., Ottawa, ON K1V 1G5, Canada",South Ottawa,Ottawa,,,,Rimouski,Bas-Saint-Laurent
Darul Khair Center,Ontario,https://darulkhair.ca/,"86 Ringwood Drive, Unit 36, Stouffville, ON L4A 1C3, Canada",Stouffville,York Region,,,,REGION - Saskatchewan,
Darul Khair Islamic Centre,Ontario,https://darulkhairislamiccenter.com/,"35 St Dennis Dr, Unit 133, North York, ON M3C 1G9",North York,Toronto,,,,Estevan,Estevan
Darul Taqwa Musalla,Ontario,https://darultaqwa.ca/,"1601 Eglinton Ave W, Mississauga, ON L5M 7C1",Mississauga,Peel Region,,,,Moose Jaw,Central Saskatchewan
Darul Uloom Canada,Ontario,https://www.ducanada.org/,"51 Prince St N, Chatham, ON N7M 4J7",Chatham-Kent,,,,,North Battleford,North Battleford
Darul Uloom Ottawa (Masjid&Center),Ontario,https://www.darululoomottawa.org/,"2803 St Joseph Blvd, Orleans-Ottawa, ON K1C 1G6, Canada",East Ottawa,Ottawa,,,,Prince Albert,Prince Albert
Darul-Arqam Musalla,Ontario,https://darularqammusalla.ca/,"3450 Platinum Dr, Building 3545, Unit 2, Mississauga, ON L5M 2R9",Mississauga,Peel Region,,,,Regina,Regina
Darul-Hijra Islamic Centre,Ontario,https://darulhijra.org/,"2050 Kipling Ave, Etobicoke, ON M9W 4J9",Etobicoke,Toronto,,,,Saskatoon,Saskatoon
DawaNet Community Centre,Ontario,https://dawanet.ca/,"5705 Cancross Ct, Mississauga, ON L5R 3E9",Mississauga,Peel Region,,,,Yorkton,Yorkton
Dufferin Muslim Centre - Masjid - Mosque- Musalla,Ontario,https://dufferinmuslimcentre.ca/,"506195 ON-89, Unit #1, Shelburne, ON L9V 0N7, Canada",Shelburne,Dufferin County,,,,Swift Current,Swift Current
East Ottawa Masjid and Community Center (EOMCC),Ontario,https://eomcc.ca/,"967 St Laurent Blvd, Ottawa, ON K1K 3B1, Canada",East Ottawa,Ottawa,,,,Lloydminster,Lloydminster
Erin Islamic Cultural Center,Ontario,https://www.wellington.ca/business-development/business-directory/erin-islamic-cultural-center,"103 Main St, Erin, ON N0B 1T0, Canada",Erin,Wellington County,,,,Rosetown,Rosetown
Faith Mosque,Ontario,https://torontofatih.ca/,"182 Rhodes Ave, Toronto, ON M4L 3A1, Canada",East Toronto,Toronto,,,,REGION - Yukon,
Faizan e Madina Masjid (Hamilton),Ontario,https://www.dawateislami.net/,"1202 Dunsmure Rd, Hamilton, ON L8H 1L4, Canada",Hamilton,,,,,Whitehorse,Whitehorse Region
Galt Islamic Centre,Ontario,https://www.galtislamic.com/,"431 Dundas St N, Cambridge, ON N1R 5R5",Cambridge,Waterloo Region,,,,,
Georgetown Masjid (Sayyiduna uthman islamic academy),Ontario,https://suia.ad-din.site/,"100 Mountainview Rd S, Georgetown, ON L7G 4K6",Georgetown,Halton Region,,,,,
Ha-Meem Musalla (Peace and Harmony Center),Ontario,http://www.wphc.ca/,"38 Sky Harbour Dr, Brampton, ON L6Y 0V6",Brampton,Peel Region,,,,,
Hadi Islamic Association,Ontario,http://hadimosque.com/,"40 South Station St, Toronto, ON M9N 2B3, Canada",Downtown Toronto,Toronto,,,,,
Halton Islamic Association (HIA) - Masjid,Ontario,https://www.hia.live/,"4310 Fairview St, Burlington, ON L7L 4Y8",Burlington,Halton Region,,,,,
Hamilton Downtown Mosque,Ontario,https://downtownmosque.com/,"221 York Blvd, Hamilton, ON L8R 1Y6",Hamilton,,,,,,
Hamilton Mountain Masjid,Ontario,https://www.mahcanada.com/,"1545 Stone Church Rd E, Hamilton, ON L8W 3P8",Hamilton,,,,,,
Hamza Mosque,Ontario,https://www.hamzamasjid.com/,"1287 Queen St W, Toronto, ON M6K 1L6",West Toronto,Toronto,,,,,
Hawkesbury Jame Masjid,Ontario,,"878 McGill St, Hawkesbury, ON K6A 1R6",Hawkesbury,,,,,,
Hespeler Masjid,Ontario,https://centres.macnet.ca/hespelermasjid/,"64 Winston Blvd, Cambridge, ON N3C 1L6",Cambridge,Waterloo Region,,,,,
HIA Musalla - Masjid,Ontario,https://www.hia.live/,"4265 Thomas Alton Blvd, Units 201-203, Burlington, ON L7M 0M9, Canada",Burlington,Halton Region,,,,,
Huda Musallah (Unit 411),Ontario,https://hudamusallah.com/,"975 Kennedy Rd, Scarborough, ON M1P 2K5",Scarborough,Toronto,,,,,
Huttonville Jame Masjid,Ontario,http://www.wphc.ca/,"2051 Embleton Rd, Brampton, ON L6Y 0E9",Brampton,Peel Region,,,,,
Hyatt Mosque & Centre,Ontario,https://www.hyattmosquecenter.com/,"282 Hamilton Rd, London, ON N5Z 1R3",London,,,,,,
Ibrahim Jame Mosque,Ontario,https://www.ibrahimjamemosque.ca/,"778 King St E, Hamilton, ON L8M 1A6",Hamilton,,,,,,
ICNA Ar-Rehman Islamic Center,Ontario,https://aric-icna.ca/,"6120 Montevideo Rd, Mississauga, ON L5N 3W5",Mississauga,Peel Region,,,,,
ICNR-Masjid Bayt Al Iman,Ontario,https://icnr.ca/,"1935 Thorold Townline Rd, Thorold, ON, Canada",Thorold,Niagara Region,,,,,
Ilm Institute of LaSalle - Masjid,Ontario,https://ilminstitutelasalle.ca/,"1740 Sprucewood Ave Unit 2, LaSalle, ON N9J 1X7",LaSalle,Essex County,,,,,
Imam Bukhari Centre (Ahle-Hadith Society of Canada),Ontario,https://ahlehadithcanada.org/,"50 Steeles Avenue East, Unit 8, Milton, ON L9T 4W9, Canada",Milton,Halton Region,,,,,
Imdadul Islamic Centre,Ontario,https://imdadulmasjid.com/,"26 Lepage Crt, North York, ON M3J 1Z9",North York,Toronto,,,,,
International Muslims Organization,Ontario,https://imooftoronto.com/,"65 Rexdale Blvd, Etobicoke, ON M9W 1P1",Etobicoke,Toronto,,,,,
Iqra Masjid - Durham Islamic Centre,Ontario,https://durhamislamiccentre.ca/,"4618 Country Lane, Whitby, ON L1P 1V7",Whitby,Durham Region,,,,,
Islamic Association of Sault Ste. Marie,Ontario,http://www.iassm.ca/,"2 Towers St, Sault Ste. Marie, ON P6A 2T9, Canada",Sault Ste. Marie,,,,,,
Islamic Centre of Bowmanville,Ontario,https://icbmasjid.com/,"4 Division St, Bowmanville, ON L1C 2Z1",Clarington,Durham Region,,,,,
Islamic Centre of Brant,Ontario,https://icbrant.ca/,"143 King Edward St, Paris, ON N3L 3E3, Canada",Paris,Brant County,,,,,
Islamic Centre of Cambridge,Ontario,https://www.iccambridge.com/,"1550 Dunbar Rd, Cambridge, ON N1R 8J5",Cambridge,Waterloo Region,,,,,
Islamic Centre of Kingston,Ontario,https://kingstonmuslims.ca/,"1477 Sydenham Road, Kingston, ON K7L 4V4, Canada",Kingston,,,,,,
Islamic Centre of Markham / Masjid Darul Iman,Ontario,https://daruliman.org/,"1330 Castlemore Ave, Markham, ON L6E 1A4",Markham,York Region,,,,,
Islamic Centre of Northern Ontario,Ontario,https://www.iconosudbury.com/,"1534 Pioneer Rd, Sudbury, ON P3G 1A8, Canada",Sudbury,Northern Ontario,,,,,
Islamic Centre of Oshawa,Ontario,https://oshawamosque.com/,"23 Lloyd St, Oshawa, ON L1H 1X2",Oshawa,Durham Region,,,,,
Islamic Centre of Southwest Ontario,Ontario,https://islamiccentre.ca/,"951 Pond Mills Rd, London, ON N6N 1C3",London,,,,,,
Islamic Centre of Waterloo - ICW,Ontario,http://icwaterloo.com/,"510 Erbsville Rd, Waterloo, ON N2J 3Z4, Canada",Waterloo,Waterloo Region,,,,,
Islamic Community Centre of Milton,Ontario,http://www.icnamilton.com/,"8069 Esquesing Line, Milton, ON L9T 7L4",Milton,Halton Region,,,,,
Islamic Community Centre of Ontario (ICCO) MAC Masjid/Mosque,Ontario,http://icco.ca/,"2550 Dunwin Dr, Mississauga, ON L5L 1T1",Mississauga,Peel Region,,,,,
Islamic Community of West Niagara,Ontario,https://www.icwn.ca/,"4287 William St, Beamsville, ON L0R 1B0, Canada",Lincoln,Niagara Region,,,,,
Islamic Forum Of Canada,Ontario,https://islamicforumonline.com/,"200 Advance Blvd, Brampton, ON L6T 4V4, Canada",Brampton,Peel Region,,,,,
Islamic Foundation of Toronto,Ontario,https://www.islamicfoundation.ca/,"441 Nugget Ave, Scarborough, ON M1S 5E1",Scarborough,Toronto,,,,,
Islamic Information & Dawah Centre International,Ontario,https://islaminfo.com/,"1168 Bloor St W, Toronto, ON M6H 1N1, Canada",West Toronto,Toronto,,,,,
Islamic Institute of Toronto (IIT),Ontario,https://islam.ca/,"1630 Neilson Rd, Scarborough, ON M1X 1S3",Scarborough,Toronto,,,,,
Islamic Society of Ajax - Masjid Quba,Ontario,https://www.ajaxmasjid.ca/,"1501 Harwood Ave N, Ajax, ON L1T 4T9",Ajax,Durham Region,,,,,
Islamic Society of Belleville,Ontario,https://bellevillemasjid.ca/,"33 Moira St W, Belleville, ON K8P 1S1, Canada",Belleville,Quinte Region,,,,,
Islamic Society of Guelph,Ontario,http://isofg.ca/,"126 Norwich St E, Guelph, ON N1E 2G7",Guelph,,,,,,
Islamic Society of Markham - Jam'e Masjid Markham,Ontario,https://markhammasjid.ca/,"2900 Denison St, Markham, ON L3S 4J8, Canada",Markham,York Region,,,,,
Islamic Society of Niagara Peninsula,Ontario,http://isnp.ca/,"Lyons Creek Road, Niagara Falls, ON",Niagara Falls,Niagara Region,,,,,
Islamic Society of Sandy Hill,Ontario,https://isosh.ca/,"117 Mann Ave, Ottawa, ON K1N 5A4",Central Ottawa,Ottawa,,,,,
Islamic Society of Stirling,Ontario,https://prayersconnect.com/mosques/12492485-islamic-society-of-stirling-marmora-ontario-canada,"1380 Stouffville Rd, Richmond Hill, ON L4E 3S3, Canada",Stirling,,,,,,
Islamic Society of Vaughan,Ontario,https://islamicsocietyvaughan.ca/,"9100 Jane St, Units 22-24, Vaughan, ON L4K 0A4",Vaughan,York Region,,,,,
Islamic Society of York,Ontario,https://isyr.org/,"1380 Stouffville Rd, Richmond Hill, ON L4E 3S3",Richmond Hill,York Region,,,,,
ISNA Canada,Ontario,https://www.isnacanada.com/,"2200 South Sheridan Way, Mississauga, ON L5J 2M4",Mississauga,Peel Region,,,,,
Jaame Masjid Scarborough (Central Mosque),Ontario,https://scarborough-mosque-hub.lovable.app/,"3665-3667 Lawrence Ave E, Scarborough, ON M1G 1P7",Scarborough,Toronto,,,,,
Jame Makki Masjid,Ontario,https://www.makkimasjid.ca/,"8450 Torbram Rd, Brampton, ON L6T 4M9",Brampton,Peel Region,,,,,
Jame Masjid (Coopers Masjid),Ontario,https://ipcontario.com/,"5761 Coopers Ave, Mississauga, ON L4Z 0C5",Mississauga,Peel Region,,,,,
Jame Masjid Oakville : Noor-UL- Haram,Ontario,https://wimcanada.com/,"2478 Ninth Line, Oakville, ON L6H 7G9",Oakville,Halton Region,,,,,
Jami Masjid / Mosque Chatham,Ontario,https://jmc.ad-din.site/,"416 Lacroix St, Chatham, ON N7M 2W3",Chatham-Kent,,,,,,
Jami Masjid Zakariya,Ontario,https://cornwallmasjid.ca/,"333 Second Street East, Cornwall, ON K6H 1Y8, Canada",Cornwall,,,,,,
Jami Mosque Toronto | ISNA Canada,Ontario,https://www.isnacanada.com/our-spaces/jami-masjid/,"56 Boustead Ave, Toronto, ON M6R 1Y9",West Toronto,Toronto,,,,,
Jami Omar Mosque,Ontario,https://www.jamiomar.org/,"3990 Old Richmond Rd, Ottawa, ON K2H 8R5, Canada",West Ottawa,Ottawa,,,,,
Jamia Imam E Azam,Ontario,https://jamiaimameazam.com/,"51 McMurchy Avenue South, Brampton, ON L6Y 1Y5, Canada",Brampton,Peel Region,,,,,
Jamia Islamia Canada,Ontario,https://www.jamiaislamia.org/,"2380 Tedlo St, Mississauga, ON L5A 3V3",Mississauga,Peel Region,,,,,
Jamia Masjid Al Aqsa,Ontario,http://www.alaqsamasjid.ca/,"507 Pitt St, Cornwall, ON K6J 3R4",Cornwall,,,,,,
Jamia Masjid Bilal & Community Centre,Ontario,https://parismasjid.ca/,"26 Spruce St, Paris, ON N3L 3A4",Paris,Brant County,,,,,
Jamia Masjid Khaatam Ul Anbiyah (KTA Masjid) Muslim Council of Ontario,Ontario,https://ktamasjid.ad-din.site/,"26 Franklin St S, Kitchener, ON N2C 1R4, Canada",Kitchener,Waterloo Region,,,,,
Jamia Riyadhul-Jannah,Ontario,https://www.mississaugamasjid.com/,"6680 Campobello Rd, Mississauga, ON L5N 2L8",Mississauga,Peel Region,,,,,
Jamiah Qasimul Uloom,Ontario,https://www.jquloom.ca/,"3482 Lawrence Ave E, 2nd floor, Unit 208, Scarborough, ON M1H 3E5, Canada",Scarborough,Toronto,,,,,
Jannatul Ferdous Mosque,Ontario,https://jannatulferdous.ca/,"1701 Martin Grove Rd, Unit 11, Etobicoke, ON M9V 4N4",Etobicoke,Toronto,,,,,
Kanata Muslim Association,Ontario,https://kanatamuslims.ca/,"351 Sandhill Road, Kanata, ON K2K 1X7, Canada",West Ottawa,Ottawa,,,,,
Kawartha Muslim Religious Association,Ontario,https://www.kmrapeterborough.org/,"784 Parkhill Rd W, Peterborough, ON K9J 6N9, Canada",Peterborough,,,,,,
Khalid Bin Al-Walid Mosque,Ontario,https://www.khalidmosque.com/,"16 Bethridge Rd, Etobicoke, ON M9W 1N1",Etobicoke,Toronto,,,,,
Kincardine Islamic Centre,Ontario,https://kincardineic.com/,"969 Queen St, Kincardine, ON, Canada",Kincardine,Bruce County,,,,,
Kitchener Masjid (Muslim Association of Canada),Ontario,https://centres.macnet.ca/kitchenermasjid/,"1017 Victoria St N, Kitchener, ON N2B 3C7",Kitchener,Waterloo Region,,,,,
Lakeridge Islamic Centre,Ontario,,,Whitby,Durham Region,,,,,
Lantern of Knowledge Academy Flemingdon Musalla,Ontario,https://lanternofknowledgeacademy.ca/,"747 Don Mills Rd, Unit 29, Toronto, ON M3C 3S4, Canada",North York,Toronto,,,,,
Lindsay Masjid,Ontario,https://www.facebook.com/profile.php?id=61588628381264,"280 Kent St W, Kawartha Lakes, ON K9V 2Z6",Lindsay,,,,,,
London Muslim Mosque,Ontario,https://www.londonmosque.ca/,"151 Oxford St W, London, ON N6H 1S3",London,,,,,,
MAC Barrhaven Islamic Centre (BIC),Ontario,http://www.macbic.ca/,"3971 Greenbank Rd, Nepean, ON K2C 3H2",South Ottawa,Ottawa,,,,,
MAC Hyde Park Masjid & Youth Center,Ontario,https://centres.macnet.ca/machydepark/,"9-1175 Hyde Park Rd, London, ON N6H 5K6, Canada",London,,,,,,
MAC Noor Gardens,Ontario,https://centres.macnet.ca/masonville/,"457 Southdale Rd W, London, ON N6P 1M7",London,,,,,,
MAC Qurtuba Islamic Centre,Ontario,https://centres.macnet.ca/qic/,"1950 Merivale Rd, Nepean, ON K2G 0B7",West Ottawa,Ottawa,,,,,
Madina Institute - Canada,Ontario,https://madinainstitute.ca/,"520 Speers Rd, Oakville, ON L6K 2G3",Oakville,Halton Region,,,,,
Madinah Masjid (Mosque),Ontario,https://madinahmasjid.ca/,"1015 Danforth Ave, Toronto, ON M4J 1M1",East York,Toronto,,,,,
Malton Islamic Centre,Ontario,https://www.maltonislamiccentre.com/,"6836 Professional Ct, Mississauga, ON L4V 1X6",Mississauga,Peel Region,,,,,
Malton Mosque,Ontario,https://maltonmasjid.ad-din.site/,"7097 Airport Rd, Mississauga, ON L4T 2G7",Mississauga,Peel Region,,,,,
Markaz At-Tawheed Ottawa,Ontario,https://www.tawheed.ca/,"2835 Dumaurier Ave, Ottawa, ON K2B 7W3, Canada",East Ottawa,Ottawa,,,,,
Markham Muslim Association,Ontario,https://www.themma.ca/,"6545 Highway 7 East, Units 13 & 14, Markham, ON, Canada",Markham,York Region,,,,,
Masjid - Muslim Society of Guelph,Ontario,https://msofg.org/,"286 Water St, Guelph, ON, Canada",Guelph,,,,,,
,Ontario,,,Trenton,Pictou County,,,,,
Masjid ad-Da'wah,Ontario,https://dilc.ca/,"30 Dean Park Rd, Scarborough, ON M1B 3H1",Scarborough,Toronto,,,,,
Masjid Aisha,Ontario,https://centres.macnet.ca/masjidaisha/,"44 Marlborough Rd, Guelph, ON N1E 3X2",Guelph,,,,,,
"Masjid Al Abedeen, Islamic Research Center of Canada Inc.",Ontario,https://irccan.com/,"1 Stamford Square N, Scarborough, ON M1L 1X4",Scarborough,Toronto,,,,,
Masjid Al-Aqsaa,Ontario,https://masjidalaqsaa.com/,"43 Station St, Ajax, ON L1S 1S2",Ajax,Durham Region,,,,,
Masjid Al-Ezz,Ontario,https://masjidalezz.com/,"10 Falconer Dr #8, Mississauga, ON L5N 3L8",Mississauga,Peel Region,,,,,
Masjid Al-Faisal (Islamic Society of Willowdale),Ontario,https://masjidalfaisal.com/,"3551 Victoria Park Ave, Scarborough, ON M1W 2H2, Canada",Scarborough,Toronto,,,,,
Masjid Al-Farooq,Ontario,http://www.masjidfarooq.com/,"935 Eglinton Ave W, Mississauga, ON L5V 1R6",Mississauga,Peel Region,,,,,
Masjid Al-Ghafoor,Ontario,https://al-ghafoor.com/,"277 Division St, Unit 2, Cobourg, ON K9A 3R2, Canada",Cobourg,Northumberland County,,,,,
Masjid Al-Hidaya (Markaz),Ontario,https://mah.ad-din.site/,"1100 Birchmount Rd, Scarborough, ON M1K 5H9",Scarborough,Toronto,,,,,
Masjid Al-Istiqama,Ontario,https://www.istiqamamasjid.com/,"1357 Martin Grove Rd, Unit 1, Etobicoke, ON M9W 4X6",Etobicoke,Toronto,,,,,
Masjid Al-Jannah,Ontario,http://www.slifo.ca/,"2201 Ellesmere Rd, Scarborough, ON M1G 3M6",Scarborough,Toronto,,,,,
Masjid Al-Mu'mineen,Ontario,https://masjidalmumineen.ca/,"663 King St, Welland, ON, Canada",Welland,Niagara Region,,,,,
Masjid Al-Salam / Al-Salam School,Ontario,http://www.mpicbrampton.com/,"160 Salvation Rd, Brampton, ON L7A 0W7",Brampton,Peel Region,,,,,
Masjid Alabrar Aurora,Ontario,http://www.alabrar.ca/,"33 Wellington St E, Aurora, ON L4G 1H4, Canada",Aurora,York Region,,,,,
Masjid Alhakeem Bowmanville,Ontario,https://alhakeem.ca/,"2197 Maple Grove Rd, Bowmanville, ON L1C 6N1",Clarington,Durham Region,,,,,
Masjid Ali,Ontario,http://masjidali.ca/,"151 Morningside Ave, Scarborough, ON M1E 2J2",Scarborough,Toronto,,,,,
Masjid Alwadood,Ontario,https://www.wadood.ca/,"111 Church St N, Orono, ON L0B 1M0",Clarington,Durham Region,,,,,
Masjid Ameer Hamza,Ontario,https://masjidameerhamza.org/,"109 Chaffey St, Welland, ON L3B 2Y6",Welland,Niagara Region,,,,,
Masjid An Noor (Islamic Society of St. Catharines),Ontario,https://islamicsocietyofstcatharines.ca/,"117 Geneva St, St. Catharines, ON L2R 4N3",St. Catharines,Niagara Region,,,,,
Masjid Ar-Rahmah,Ontario,https://www.mymasjid.ca/,"1216 Hunt Club Rd, Ottawa, ON K1V 2P1",South Ottawa,Ottawa,,,,,
Masjid Assalam (CUCUM - Canadian United Community for Ugandan Muslims),Ontario,https://www.cucum.org/,"1733 Eglinton Ave W, York, ON M6E 2H4",North York,Toronto,,,,,
MASJID AT-TAQWA,Ontario,https://piousmosque.com/,"1970 Tourangeau Rd, Windsor, ON N8W 4N3, Canada",Windsor,Essex County,,,,,
Masjid Bilal,Ontario,http://www.masjidbilal.org/,"214 Markham Rd, Scarborough, ON M1J 3C2",East Ottawa,Ottawa,,,,,
Masjid Bilal Muslim Association,Ontario,https://masjidbilal.ca/,"4509 Innes Rd, Orléans, ON K4A 3J7",Scarborough,Toronto,,,,,
Masjid Daru-Al-Ullum Education Community center [Car Wash Building],Ontario,,"16 Orfus Rd Unit 204, North York, ON M6A 2T5",North York,Toronto,,,,,
Masjid Darussalam (Islamic Society of Toronto),Ontario,https://www.islamicsocietyoftoronto.com/,"20 Overlea Blvd, Toronto, ON M4H 1A4",East York,Toronto,,,,,
"MASJID DRIVE MASJID,Jamiat Ul Ansar of Brampton,",Ontario,https://jamiatalansar.ca/,"1 Masjid Drive, Brampton, ON L6R 2Z4",Brampton,Peel Region,,,,,
Masjid E Ayesha WHITBY,Ontario,https://www.whitbymasjid.ca/,"221 Kendalwood Rd, Whitby, ON L1N 2G1",Whitby,Durham Region,,,,,
Masjid Huzaifah,Ontario,https://www.masjidhuzaifah.com/,"18 Progress Ave, Scarborough, ON M1P 2Y4",Scarborough,Toronto,,,,,
Masjid Khadijah (mosque),Ontario,https://www.masjidkhadijah.ca/,"100 Nipissing Rd, Units 7/8, Milton, ON L9T 5B2",Milton,Halton Region,,,,,
Masjid Noor-ul-Islam,Ontario,https://noorulislam.ca/,"659 Lincoln Rd, Windsor, ON N8Y 2G8",Windsor,Essex County,,,,,
Masjid Nuh,Ontario,,"35 Queen St, Fort Erie, ON L2A 1T6",Fort Erie,Niagara Region,,,,,
Masjid Omar Bin Al-Khatab,Ontario,https://www.masjidomarbinkhatab.ca/,"232 Parliament St, Toronto, ON M5A 3N6",Downtown Toronto,Toronto,,,,,
Masjid Rahmatul-lil-Alameen,Ontario,https://rahmatmasjid.com/,"205 N Service Rd, Mississauga, ON L5A 1A4",Mississauga,Peel Region,,,,,
Masjid Sirat Al Mustaqim,Ontario,https://thestraightpath.ca/,"105 Kennedy Rd S, Brampton, ON L6W 3G2",Brampton,Peel Region,,,,,
Masjid Subhan Ajax,Ontario,https://subhanislamicassociation.org/,"465 Kingston Rd W, Ajax, ON L1S 6M1",Ajax,Durham Region,,,,,
Masjid Subhan Scarborough,Ontario,https://subhanislamicassociation.org/,"2956 Eglinton Ave E, Scarborough, ON M1J 2E7",Scarborough,Toronto,,,,,
Masjid Syyadina Omar Farookh,Ontario,https://masjidomarfarooq.com/,"4640 Kingston Rd, Scarborough, ON M1E 2P9",Scarborough,Toronto,,,,,
Masjid Taqwa,Ontario,http://www.taqwamasjid.ca/,"14 Ladysmith Ave, Toronto, ON M4J 4H7",East York,Toronto,,,,,
Masjid Tayyaba Educational Islamic Centre,Ontario,http://www.tayyabamasjid.ca/,"4640 Kingston Rd, Scarborough, ON M1E 2P9",Scarborough,Toronto,,,,,
Masjid Toronto (Adelaide),Ontario,https://centres.macnet.ca/masjidtoronto/,"86 Adelaide St E, Toronto, ON M5C 1K6",Downtown Toronto,Toronto,,,,,
Masjid Toronto (Dundas),Ontario,http://www.masjidtoronto.com/,"168 Dundas St W, Toronto, ON M5G 1C6",Downtown Toronto,Toronto,,,,,
Masjid umar farooq,Ontario,https://kemptvillemuslims.ca/,"417 Rideau St, Kemptville, ON K0G 1J0",Kemptville,,,,,,
Masjid Usman(Pickering Islamic Centre),Ontario,www.masjid.ca,"2065 Brock Rd N, Pickering, ON L1X 0K2",Pickering,Durham Region,,,,,
Masjid Vaughan,Ontario,http://masjidvaughan.ca/,"9954 Keele St, Maple, ON L6A 3Y4",Vaughan,York Region,,,,,
Masjid Zakariya,Ontario,http://masjidzakariya.com/,"11140 Sheppard Ave E, Scarborough, ON M1B 3W5",Scarborough,Toronto,,,,,
Masjid-E-Aqsa,Ontario,http://www.masjidaqsabrampton.org/,"30 Rambler Dr, Brampton, ON L6W 1E2",Brampton,Peel Region,,,,,
Masjid-El-Noor,Ontario,http://www.masjidelnoor.ca/,"3277 Scott Rd, York, ON M6M 3V3",York,Toronto,,,,,
Masjidur Rahmah,Ontario,https://centraltorontoislamicfoundation.com/,"328 Parliament St, Toronto, ON M5A 2Z7",Downtown Toronto,Toronto,,,,,
Meadowvale Islamic Centre,Ontario,https://mici.org/,"6508 Winston Churchill Blvd, Mississauga, ON L5N 3W4",Mississauga,Peel Region,,,,,
Mecca Islamic Center,Ontario,https://meccacenter.ca/,"3234 Eglinton Ave E, Scarborough, ON M1J 2H6",Scarborough,Toronto,,,,,
Mesjid Al Sabur,Ontario,https://www.mesjidalsabur.ca/,"4081 Dufferin St, North York, ON M3H 5R8",North York,Toronto,,,,,
Mevlana Masjid,Ontario,https://a-than.info/vv.php?code=MEVLANA01,"951 Wilson Ave #7, North York, ON M3K 2A7
",North York,Toronto,,,,,
Mississauga Muslim Community Center,Ontario,https://mmcc-canada.org/,"2505 Dixie Rd, Mississauga, ON L4Y 2A1",Mississauga,Peel Region,,,,,
Mosque Aisha,Ontario,https://www.mosqueaisha.ca/,"5550 Stanley Ave, Niagara Falls, ON, Canada",Niagara Falls,Niagara Region,,,,,
Mosque Aisha Thorold,Ontario,https://www.mosqueaisha.ca/,"70 St David St E, Thorold, ON L2V 4V4, Canada",Thorold,Niagara Region,,,,,
Muslim Association of Canada (MAC) Westmount Centre,Ontario,https://centres.macnet.ca/westmount/,"312 Commissioners Rd W Unit 5, London, ON N6J 1Y3",London,,,,,,
Halton Islamic Community Centre (HICC) - Muslim Association Of Milton (MAM),Ontario,,"4269 Regional Road 25, Oakville, ON, Canada",Oakville,Halton Region,,,,,
Halton Learning Centre Musallah (HLC) - Muslim Association Of Milton (MAM),Ontario,https://miltonmasjid.com/,"4269 Regional Rd 25, Oakville, ON L9E 0K2",Milton,Halton Region,,,,,
Muslim Association of Woodstock Ontario,Ontario,http://www.muslimassociationwoodstock.com/,"690 Sutherland Dr, Woodstock, ON N4S 4Y5, Canada",Woodstock,Oxford County,,,,,
Muslim Circle of Canada Masjid,Ontario,https://www.mccsmasjid.org/,"B-3545 Kingston Rd, Scarborough, ON M1M 1R6",Scarborough,Toronto,,,,,
Muslim Neighbour Nexus,Ontario,http://mnnexus.ca/,"3520 Odyssey Dr, Mississauga, ON L5M 0Y9",Mississauga,Peel Region,,,,,
Muslim Salahuddin Mosque room,Ontario,http://salaheddin.org/,"741 Kennedy Rd, Scarborough, ON M1K 2C6",Scarborough,Toronto,,,,,
Muslim Society Of Waterloo & Wellington Counties,Ontario,http://waterloomasjid.com/,"213 Erb St W, Waterloo, ON N2L 1V6, Canada",Waterloo,Waterloo Region,,,,,
Muslim Welfare Center - Mussalah Al-Abbas,Ontario,http://www.muslimwelfarecentre.com/,"3490 Mavis Rd, Mississauga, ON L5C 1T8",Mississauga,Peel Region,,,,,
Nejashi Islamic Center,Ontario,http://www.nejashi.ca/,"171 McCormack St, York, ON M6N 1X8",York,Toronto,,,,,
Newcastle Muslim Community (Masjid),Ontario,http://www.newcastlemuslim.ca/,"225 King Ave E, Newcastle, ON L1B 1H4",Clarington,Durham Region,,,,,
Newmarket Islamic Centre,Ontario,http://nmic.ca/,"700 Mulock Dr, Newmarket, ON L3Y 9C1, Canada",Newmarket,York Region,,,,,
NICE North-Valley Islamic Centre,Ontario,http://nice-canada.com/,"423 Wanless Dr, Unit #107, Brampton, ON L7A 0N9, Canada",Brampton,Peel Region,,,,,
Nigerian Canadian Muslim Association,Ontario,https://www.nigeriancanadianmuslim.com/,"190 Milvan Drive, Unit #7, Toronto, ON M9L 1Z9, Canada",North York,Toronto,,,,,
NOOR UL QURAN Canada,Ontario,https://noorulqurancanada.com/,"3154 Hurontario St, Mississauga, ON L5B 1N9",Mississauga,Peel Region,,,,,
North American Muslim Foundation,Ontario,http://www.namf.ca/,"4140 Finch Ave E, Scarborough, ON M1S 3T9",Scarborough,Toronto,,,,,
North Bay Mosque,Ontario,https://masjidbox.com/prayer-times/northbaymosque,"423 McPhail St, North Bay, ON P1B 5Z1",North Bay,Northern Ontario,,,,,
North End Centre (a project of MAB),Ontario,https://brantfordmosque.ca/,"627 Park Rd N #8, Brantford, ON N3T 5L8",Brantford,Brant County,,,,,
North London Islamic Centre,Ontario,https://www.northlondonislamiccentre.com/,"23266 Nairn Rd, Komoka, ON N0L 1R0",Komoka,Middlesex County,,,,,
North York Muslim Association,Ontario,https://www.northyorkma.com/,"Concourse Level, C37 - 5150 Yonge St, North York, ON M2N 6L8",North York,Toronto,,,,,
Northern Muslim Association,Ontario,https://nmasudbury.com/,"468 Antwerp Ave, Greater Sudbury, ON P3C 4N1",Sudbury,Northern Ontario,,,,,
Okba Islamic Centre,Ontario,https://okbacentre.org/,"2370 Midland Ave Unit a5, Scarborough, ON M1S 1P8",Scarborough,Toronto,,,,,
Orangeville Muslim Community Centre,Ontario,https://orangevillemosque.ca/,"51 Townline Ste. 2, Orangeville, ON L9W 1V1",Orangeville,Dufferin County,,,,,
Ottawa Muslim Association,Ontario,http://www.ottawamosque.ca/,"251 Northwestern Ave, Ottawa, ON",Central Ottawa,Ottawa,,,,,
Ottawa South Mosque,Ontario,https://ottawasouthmosque.ca/,"240 Sunnyside Ave, Ottawa, ON K1S 0R4",Central Ottawa,Ottawa,,,,,
Ottawa Valley Islamic Centre (OVIC),Ontario,http://www.ovicentre.org/,"30 Mcelligott Dr, Deep River, ON K0J 1P0",Deep River,Renfrew County,,,,,
Owen Sound Muslim Association,Ontario,https://www.osmuslim.ca/,"895 7th St E, Owen Sound, ON N4K 1K2",Owen Sound,Grey County,,,,,
Peace Community Center,Ontario,http://peacecommunitycenter.com/,"6735 Caledonia St, Niagara Falls, ON, Canada",Niagara Falls,Niagara Region,,,,,
Pembroke Islamic Centre,Ontario,https://pembrokeislamiccentre.ca/,"360a Pembroke St W, Pembroke, ON K8A 4N8",Pembroke,Renfrew County,,,,,
Peterborough Lakefield Mosque Masjid (Ahle Sunnah Wal Jamaah),Ontario,https://peterboroughmosque.ca/,"1349 Buckhorn Rd, Selwyn, ON K0L 2H0",Lakefield,Peterborough County,,,,,
Port Elgin Islamic Centre,Ontario,https://portelginic.com/,"MAPLE SQUARE MALL, 515 Goderich St Unit 107 & 108, Port Elgin, ON N0H 2C1",Port Elgin,Bruce County,,,,,
Port perry mosque,Ontario,https://ppmacanada.org/,"1625 Scugog St, Port Perry, ON L9L 1K6",Port Perry,Durham Region,,,,,
Qasimul Uloom Islamic Centre Canada,Ontario,https://qasimululoomcanada.com/,"Streetsville Plaza, 51 Queen St N, Mississauga, ON L5N 1A1",Mississauga,Peel Region,,,,,
Quraan and Hadeeth Society of Canada,Ontario,https://qhsc.org/,"2183A Lawrence Ave E, Scarborough, ON M1P 2P8",Scarborough,Toronto,,,,,
Rahmat Centre,Ontario,http://rahmatcentre.blogspot.com/?m=1,"9853 Leslie St, Richmond Hill, ON L4B 3Y4",Richmond Hill,York Region,,,,,
Regent Park Islamic Resource Centre (Masjid),Ontario,https://rpirc.ca/,"246 Sackville St, Toronto, ON M5A 3S4",Downtown Toronto,Toronto,,,,,
Rexdale Jame Masjid,Ontario,http://rexdalemasjid.ca/,"127 Westmore Dr Unit 107, Etobicoke, ON M9V 3Y6",Etobicoke,Toronto,,,,,
Richmond Hill Muslim Association,Ontario,http://rhmacanada.com/,"155 East Beaver Creek Rd, Unit 16, Richmond Hill, ON L4B 2N1",Richmond Hill,York Region,,,,,
Richmond Islamic Community Ottawa,Ontario,https://ricottawa.ca/,"6179 Perth St Unit 30, Richmond, ON K0A 2Z0",South Ottawa,Ottawa,,,,,
Rose City Islamic Centre (RCIC),Ontario,https://centres.macnet.ca/rcic,"5420 Empress St, Windsor, ON N8T 1B4",Windsor,Essex County,,,,,
Sarnia Muslim Association,Ontario,http://sarniamuslim.com/,"1609 London Line, Sarnia, ON N7W 1A9",Sarnia,Lambton County,,,,,
Sayeda Khadija Centre,Ontario,http://www.sayedakhadijacentre.com/,"7150 Edwards Blvd, Mississauga, ON L5S 1Z1",Mississauga,Peel Region,,,,,
Sayyidah Aminah Islamic Centre,Ontario,http://saicancaster.com/,"1085 Southcote Rd, Ancaster, ON L9G 3L1",Hamilton,,,,,,
Sayyidah Fatemah Islamic Centre,Ontario,http://miltonmosque.com/,"4487 Henderson Rd, Milton, ON L9E 0K2",Milton,Halton Region,,,,,
Scarborough Muslim Association - Jame Abu Bakr Siddique Masjid,Ontario,https://www.smacanada.ca/,"2665 Lawrence Ave E, Scarborough, ON M1P 2S2",Scarborough,Toronto,,,,,
Scarborough Muslim Cultural Centre,Ontario,https://scarboroughmuslims.ca/,"3861 Lawrence Ave E, Scarborough, ON",Scarborough,Toronto,,,,,
School Madaniyya Academy,Ontario,https://madaniyyaacademy.org/,"3930 Nashua Dr, Mississauga, ON L4V 1M5",Mississauga,Peel Region,,,,,
Seminary Of Sacred Knowledge - Masjid,Ontario,https://seminaryofsk.com/,"6101 Essex County Rd 20, Amherstburg, ON N0R 1G0",Amhertsburg,Essex County,,,,,
Shalimar Islamic Centre,Ontario,https://shalimarislamiccentre.ca/,"79-3024 Cedarglen Gate, Mississauga, ON L5C 4S3, Canada",Mississauga,Peel Region,,,,,
SNMC Mosque,Ontario,http://www.snmc.ca/,"3020 Woodroffe Ave, Nepean, ON K2J 4G3, Canada",South Ottawa,Ottawa,,,,,
Spiritual Society Canada inc.,Ontario,https://ssci.ad-din.site/,"4 Old Kingston Rd, Scarborough, ON, Canada",Scarborough,Toronto,,,,,
St. Thomas Islamic Centre,Ontario,https://stislamiccentre.com/,"55 Southwick St, St. Thomas, ON N5R 3S3, Canada",St. Thomas,Elgin County,,,,,
Stittsville Muslims Association,Ontario,http://www.stittsvillemuslims.ca/,"1469 Stittsville Main St, Stittsville, ON K2S 1E3",West Ottawa,Ottawa,,,,,
Stratford Mosque,Ontario,https://stratfordmosque.ca/,"97 Woods St, Stratford, ON N5A 1M2, Canada",Stratford,Perth County,,,,,
Taaseen Musalla,Ontario,,"54 Chesterwood Cres, Brampton, ON L6Y 0Z4",Brampton,Peel Region,,,,,
Taha Musalla,Ontario,,"499 Ray Lawson Blvd, Brampton, ON L6Y 0N2",Brampton,Peel Region,,,,,
Talimul Islam Masjid,Ontario,https://talimul.com/,"86 Rivalda Rd, North York, ON M9M 2M8",North York,Toronto,,,,,
Tarbiyah Centre,Ontario,https://iswindsor.ca/,"1955 Provincial Rd, Units 2 & 3, Windsor, ON, Canada",Windsor,Essex County,,,,,
Tawfeeq Mosque,Ontario,https://torontotic.com/,"7 Oak St, York, ON M9N 1R7",York,Toronto,,,,,
The Ottawa Islamic Centre and Assalam Mosque,Ontario,https://assalammosque.com/,"Unit 100, 2335 St. Laurent Blvd, Ottawa, ON K1G 5G6, Canada",East Ottawa,Ottawa,,,,,
The Quran & Sunnah Society of Canada Masjid,Ontario,http://qssc.org/,"1865 Lawrence Ave E, Scarborough, ON M1R 2Y3",Scarborough,Toronto,,,,,
The Sunatul Jamaat of Ontario Canada,Ontario,https://sunatuljamaat.com/,"347 Danforth Rd, Scarborough, ON M1L 3X8, Canada",Scarborough,Toronto,,,,,
Thompson Musallah (Basement),Ontario,,"9149 Derry Rd Basement, Milton, ON L9T 7Y9",Milton,Halton Region,,,,,
Thunder Bay Masjid,Ontario,http://thunderbaymasjid.ca/,"591 John St, Thunder Bay, ON P7B 1Y8, Canada",Thunder Bay,Thunder Bay District,,,,,
Timmins Islamic Centre,Ontario,,"36 Pine St S, Timmins, ON P4N 2J8",Timmins,Cochrane District,,,,,
Toronto and Region Islamic Congregation,Ontario,http://www.taric.org/,"99 Beverly Hills Dr, Toronto, ON M3L 1A2, Canada",North York,Toronto,,,,,
Toronto Hifz Academy,Ontario,https://torontohifzacademy.com/,"45 Overlea Blvd Unit 201, East York, ON M4H 1C3",East York,Toronto,,,,,
Toronto Islamic Centre & Community Services,Ontario,http://www.torontoislamiccentre.com/,"817 Yonge St, Toronto, ON M4W 2G9",Downtown Toronto,Toronto,,,,,
Townline Muslim Centre,Ontario,http://www.townlinemuslimcentre.ca/,"1170 Townline Rd, Cambridge, ON N1T 2G3",Cambridge,Waterloo Region,,,,,
Turkish Canadian Islamic Trust,Ontario,http://www.papecami.com/,"336 Pape Ave, Toronto, ON M4M 2W7",East Toronto,Toronto,,,,,
Umar Mosque,Ontario,https://www.hamiltonmosque.com/,"734 Rennie St, Hamilton, ON L8H 3R2",Hamilton,,,,,,
Ummah Foundation Of Durham,Ontario,http://ummahfoundation.ca/,"1423 Thornton Rd N, Oshawa, ON L1L 0P6",Oshawa,Durham Region,,,,,
Ummah Nabawiah Masjid,Ontario,http://www.theunm.com/,"2074 Kipling Ave, Etobicoke, ON M9W 4J9",Etobicoke,Toronto,,,,,
Ummati learning center and Mosque,Ontario,https://ummaticentre.ca/,"205 County Court Blvd, Brampton, ON, Canada",Brampton,Peel Region,,,,,
Vaughan Islamic Community Centre,Ontario,https://viccprayertimings.com/,"3175 Rutherford Rd, Unit 62, Vaughan, ON L4K 5Y6",Vaughan,York Region,,,,,
West End Islamic Center,Ontario,https://www.weicenter.ca/,"4161 Sladeview Crescent #12-13, Mississauga, ON L5L 5R3",Mississauga,Peel Region,,,,,
Weston Islamic Benevolence Society,Ontario,https://westonislamic.ca/,"4220 Steeles Ave W, Woodbridge, ON",North York,Toronto,,,,,
Windsor Mosque,Ontario,https://windsorislamicassociation.com/,"1320 Northwood St, Windsor, ON N9E 1A4",Windsor,Essex County,,,,,
WMC Wilmot Muslim Centre,Ontario,https://wilmotmuslimcentre.ca/,"1000 Knechtel Ct, Wilmot, ON N0B 1E0",Wilmot,Waterloo Region,,,,,
WMCC (Waterdown Muslim Community Centre),Ontario,https://www.wmcc.ca/,"20 Innovation Dr, Dundas, ON L9H 7P3",Hamilton,,,,,,
Yaseen Musalla,Ontario,,"9715 James Potter Rd, Brampton, ON L6X 3B9",Brampton,Peel Region,,,,,
Zawiya Fellowship - Annoor Jami Mosque,Ontario,https://zawiyafellowship.com/,"55 Victoria Ave, Cambridge, ON N1S 1X2",Cambridge,Waterloo Region,,,,,
Centretown Mosque,Ontario,https://centretownmosque.ca/,397 Kent Street,Central Ottawa,Ottawa,,,,,
Dar As-Salam Mosque,Prince Edward Island,https://muslimpei.com/,"15 MacAleer Dr, Charlottetown, PE C1E 2A1",Charlottetown,Charlottetown Region,,,,,
Ach-choura Mosque,Québec,http://achoura.ca/,5434 Boul Henri-Bourassa E,Montréal-Nord,Montréal Region,,,,,
Acibf | Cultural Association Islamique Des Bois-Francs,Québec,,1521 Rue Notre Dame O,Victoriaville,Centre-du-Québec,,,,,
ACMlS - Mosquée La Sarre,Québec,,"364 local B Rue Principale, La Sarre, QC J9Z 1Z5",La Sarre,Abitibi-Ouest,,,,,
Aisha Islamic Center,Québec,https://aishaic.org/,425 Rue de l’Aqueduc,Montréal,Montréal Region,,,,,
Al-Andalous Islamic Center,Québec,https://www.icandalous.ca/,816 Ste-Croix (also 970 Blvd Décarie),Saint-Laurent,Montréal Region,,,,,
Al-Madinah Center,Québec,https://almadinah-center.org/,"1260 Rue Mackay, Montréal, QC H3G 2H4",Montréal,Montréal Region,,,,,
Al-Rawdah Masjid,Québec,https://centres.macnet.ca/alrawdah/fr/,12253 Blvd Laurentien,Montréal,Montréal Region,,,,,
AlSalam Masjid mosque,Québec,,1177 Rue de la Montagne,Montréal,Montréal Region,,,,,
Annour Mosque,Québec,,"794 Av. Myrand, Québec, QC",Québec City,Capitale-Nationale,,,,,
Association de la mosquee de beauport,Québec,http://www.mosqueebeauport.ca/,"2268 Av. Larue, Québec, QC",Québec City,Capitale-Nationale,,,,,
Association de la paix de Chambly,Québec,https://www.apchambly.com/,"1691C Bd de Périgny, Chambly, QC",Chambly,Montérégie,,,,,
Association socio-culturelle islamique louperivoise,Québec,,"174 Rue Lafontaine, Rivière-du-Loup, QC",Rivière-du-Loup,Bas-Saint-Laurent,,,,,
Assuna Annabawiyah Mosque,Québec,http://assuna.org/,"7220 Rue Hutchison, Montreal, Quebec",Montréal,Montréal Region,,,,,
Aylmer's Mosque,Québec,https://www.mosque-aylmer.ca/,"21 Rue Park, Gatineau, QC",Gatineau,Outaouais,,,,,
Badr Islamic Centre of Saint-Leonard,Québec,http://www.centrebadr.net/,8625 Boul Langelier,Saint-Léonard,Montréal Region,,,,,
Canadian Institute of Islamic Civilization CIIC - MAC,Québec,,615 Rue Belmont,Montréal,Montréal Region,,,,,
Canadian Islamic Centre (Al-Jamieh),Québec,,"241 Av. Anselme-Lavigne, Dollard-des-Ormeaux, QC H9A 3H6",Dollard-des-Ormeaux,Montréal Region,,,,,
CCMI - Centre Communautaire Musulman IQRA,Québec,,"960 Bd Curé-Labelle, Laval, QC H7V 2V5",Laval,Laval Region,,,,,
Centre Aljisr,Québec,,3005 Bd Cartier O,Laval,Laval Region,,,,,
Centre Assalam De Laval Est,Québec,http://centre-assalam.com/,1245 Montée du Moulin,Laval,Laval Region,,,,,
Centre Communautaire Al-Hidaya,Québec,,5955 Rue Hochelaga,Montréal,Montréal Region,,,,,
Centre Communautaire Al-Imane (CCAI),Québec,https://ccai-stjean.org/,"1073 Bd du Séminaire N, Saint-Jean-sur-Richelieu, QC",Saint-Jean-sur-Richelieu,Montérégie,,,,,
Centre Communautaire El Mouahidine de Chibougamau,Québec,,"359 3e Rue bureau 2, Chibougamau, Quebec",Chibougamau,Nord-du-Québec,,,,,
Centre Communautaire Musulman de Longueuil,Québec,https://ccmlongueuil.ca/,1398 Ch De Chambly,Longueuil,Longueuil Region,,,,,
Centre Culturel Islamique de Drummondville,Québec,http://www.ccmdrummond.com/,"127 Av. 12e, Drummondville, QC J2B 2X4",Drummondville,Centre-du-Québec,,,,,
Centre Culturel Islamique De La Mauricie,Québec,http://www.ccim3r.ca/,185 Rue Frontenac,Trois-Rivières,Mauricie,,,,,
Centre Culturel Islamique de la Pocatiere,Québec,https://ccilapoc.ca/,"502-A 4e Avenue Painchaud, La Pocatière, QC G0R 1Z0",La Pocatière,Bas-Saint-Laurent,,,,,
Centre Culturel Islamique de Sherbrooke,Québec,https://www.mosque-annour.org/,3232 Rue Richard,Sherbrooke,Sherbrooke Region,,,,,
Centre Culturel Islamique de Vaudreuil-Soulanges,Québec,https://islamvaudreuil.ca/,100 Boulevard Harwood,Vaudreuil-Dorion,Vaudreuil-Soulanges Region,,,,,
Centre Culturel Musulman de Shawinigan,Québec,,"2263 Av. Saint-Marc, Shawinigan, QC",Shawinigan,Mauricie,,,,,
Centre Islamique de Verdun,Québec,https://centres.macnet.ca/civ/fr/,"4538 Rue de Verdun, Montréal, QC",Montréal,Montréal Region,,,,,
Centre Rayan (Mosque),Québec,https://centrerayan.ca/,"110 Bd Curé-Labelle #9, Sainte-Thérèse, QC ",Montréal,Montréal Region,,,,,
Community Center Siddiquia,Québec,https://jamiasiddiquialaval.com/,1655 Rue du Couvent (also 4021 Blvd Saint-Martin O),Laval,Laval Region,,,,,
Dar Al-Ulum Montreal,Québec,http://www.daralulummontreal.com/,"750 Boulevard Henri-Bourassa E #1, Montreal, Quebec H2C 1E6",Montréal,Montréal Region,,,,,
Dhoun-Nourain Mosque,Québec,http://salafidemontreal.com/,"5275 Ch. Queen Mary 2e étage, Montréal, QC",Montréal,Montréal Region,,,,,
Drummondville Islamic Centre,Québec,https://centreislamiquededrummondville.com/,"480 Rue Saint-Jean, Drummondville, QC J2C 0J8",Drummondville,Centre-du-Québec,,,,,
Islamic Center Al-Houda,Québec,,9935 Av Lausanne,Montréal-Nord,Montréal Region,,,,,
Islamic Center of Quebec - El Markaz Islami,Québec,https://www.icqmontreal.com/,2520 Chemin Laval,Saint-Laurent,Montréal Region,,,,,
Islamic Community Center,Québec,https://iccbrossard.com/,5905 Grande Allée,Brossard,Brossard Region,,,,,
Islamic cultural Centre,Québec,https://mosqueegranby.com/,"317 Rue Racine, Granby, QC J2G 3B6",Granby,Montérégie,,,,,
Islamic Services of Quebec,Québec,https://isqc.ca/,"2038 Boul. Saint-Laurent, Montréal, QC H2X 2T2",Montréal,Montréal Region,,,,,
Jamia Islamia,Québec,,2144 Rue Sainte-Hélène,Longueuil,Longueuil Region,,,,,
Joliette Mosque,Québec,,1260 Rue Notre Dame,Joliette,Joliette Region,,,,,
Khadijah Mosque,Québec,https://khadijahmtl.org/,2385 Centre St,Montréal,Montréal Region,,,,,
Laval Islamic Cultural Centre,Québec,https://ccil-kbw.com/en/,"1330 Rue Antonio, Laval, QC H7V 3N4",Laval,Laval Region,,,,,
Le Centre Islamique Maskoutain,Québec,http://cimaskoutain.com/,"2340 Av. Saint-Joseph, Saint-Hyacinthe, QC J2S 5L5",Saint-Hyacinthe,Montérégie,,,,,
Mariam Mosque,Québec,https://cio-oic.ca/,"355 Rue Notre Dame, Gatineau, QC J8P 1L4",Gatineau,Outaouais,,,,,
Masjid Al Huda,Québec,https://ccalhuda.ca/,9540 Boul Gouin O,Pierrefonds-Roxboro,Montréal Region,,,,,
Masjid Al Itissam,Québec,https://www.al-itissam.org/,600 Boulevard des Laurentides,Laval,Laval Region,,,,,
Masjid Al-Forqane,Québec,https://alforqanelaval.ca/,"3390 Bd Sainte-Rose, Laval, QC H7R 3R2",Laval,Laval Region,,,,,
Masjid Al-Rahma (CC MAC QC),Québec,https://mawaqit.net/fr/rahma-mac-qc,"621 Boulevard Charest E, Québec, QC G1K 3J5",Québec City,Capitale-Nationale,,,,,
Masjid Alfalah,Québec,https://masjidalfalah.ca/,1885 Rue Nielsen,Saint-Hubert,Longueuil Region,,,,,
Masjid Ammar & Centre Communautaire des Orchidees,Québec,https://canadianmuslimfamily.com/,909 Mnt Gravel,Laval,Laval Region,,,,,
Masjid Makkah-Al-Mukkaramah,Québec,http://masjidmakkah.com/,11900 Boul Gouin O,Pierrefonds-Roxboro,Montréal Region,,,,,
Mosque Aman Laval,Québec,https://initiatives-musulmanes.com/dalilook/directory/centre-aman-laval/,"35 Bd Curé-Labelle, Laval, QC H7L 2Y8",Laval,Laval Region,,,,,
,Québec,,,,,,,,,
Mosquee Al Ansar,Québec,http://alansar.ca/,"221 Boulevard des Laurentides, Laval, Quebec H7G 2T7",Laval,Laval Region,,,,,
Mosquee Al Athar,Québec,,"Casse-Croute Moka plus, 1098 4e Avenue, Québec, QC G1J 3B3",Québec City,Capitale-Nationale,,,,,
Mosquee Al falah Ahuntsic,Québec,https://centrealfalah.ca/,1 Rue Legendre O,Montréal,Montréal Region,,,,,
Mosquee Al Qods,Québec,,2465 Rue Bélanger,Montréal,Montréal Region,,,,,
Mosquee Al-Omah Al-Islamiah,Québec,,1245 St Dominique St,Montréal,Montréal Region,,,,,
Mosquee Bel Agir,Québec,http://www.belagir.ca/,"8390 Rue St-Hubert, Montréal, QC H2P 1Z3",Montréal,Montréal Region,,,,,
Mosquee de la Capitale,Québec,http://www.mosqueedelacapitale.com/,270 Rue Marie-de-l'Incarnation,Québec City,Capitale-Nationale,,,,,
Mosquee de Quebec a Limoilou,Québec,http://www.mosqueedequebec.com/,1287 1re Av.,Québec City,Capitale-Nationale,,,,,
Mosquee el houda Quebec,Québec,http://mawaqit.net/fr/ich-mtl,"9935 Av. Lausanne, Montréal-Nord, QC H1H 5A6",Montréal-Nord,Montréal Region,,,,,
Mosquee Elfath,Québec,http://www.elfath.ca/,6130 Jean-Talon St E,Montréal,Montréal Region,,,,,
Mosquee Imam Warch,Québec,http://imamwarch.com/,"3210 Boulevard Henri-Bourassa E, Montréal-Nord, Quebec H1H 5T1",Montréal-Nord,Montréal Region,,,,,
Mosquee Madani,Québec,,12080 Blvd Marcel-Laurin,Montréal,Montréal Region,,,,,
Mosquee Minaret du Nord,Québec,http://www.manaratalchamal.org/,"293 Rue Labelle, Saint-Jérôme, QC J7Z 5L2",Saint-Jérôme,Laurentides,,,,,
Noor Al Islam Masjid,Québec,http://www.ammn.ca/,"10395 Av. Pelletier, Montréal-Nord, QC H1H 2N",Montréal-Nord,Montréal Region,,,,,
Organization Of The Masjid of Noor-e-Madina,Québec,,"692 Rue Jean-Talon O, Montréal, QC H3N 1R8",Montréal,Montréal Region,,,,,
Outaouais Islamic Centre,Québec,http://cio-oic.ca/,"4 Rue Lois, Gatineau, QC J8Y 3R2",Gatineau,Outaouais,,,,,
Premier Masjid altawheed,Québec,https://www.altawhid.ca/,"6130 Rue Jean-Talon E, Saint-Léonard, QC H1S 1M7",Montréal,Montréal Region,,,,,
Quebec Islamic Cultural Centre,Québec,http://www.cciq.org/,2877 chemin Sainte-Foy,Québec City,Capitale-Nationale,,,,,
Rimouski Islamic Centre,Québec,,"111 Rue St Jean Baptiste E, Rimouski, QC G5L 3C4",Rimouski,Bas-Saint-Laurent,,,,,
Taiba Mosque,Québec,http://www.masjidtaiba.com/,"3560 Ave Van Horne, Montreal, Quebec H3S 1R4",Montréal,Montréal Region,,,,,
Masjid Minhaj Sunnah Nabawiyyah - مسجد منهاج السنة النبوية,Québec,http://infomtj.ca/,"3450 Bd du Chanoine Moreau, Trois-Rivières, QC G8Y 0K2",Trois-Rivières,Mauricie,,,,,
Abu Bakr Al-Siddiq Masjid,Saskatchewan,https://iasmoosejaw.com/,73 Lancaster Rd,Moose Jaw,Central Saskatchewan,,,,,
Al Noor Masjid,Saskatchewan,,1025 Winnipeg St,Regina,Regina,,,,,
Baitul Mukkarram Islamic Association Inc,Saskatchewan,https://baitulmukarram.org/,1405 Albert St (also 405 Albert St),Regina,Regina,,,,,
Darul Falah Islamic Centre,Saskatchewan,https://dficregina.com/,1876 Wallace Street,Regina,Regina,,,,,
Estevan Islamic Center,Saskatchewan,,907 4th Street,Estevan,Estevan,,,,,
Islamic Association of Saskatchewan (IAS),Saskatchewan,https://islamiccenter.sk.ca/,222 Copland Crescent,Saskatoon,Saskatoon,,,,,
Islamic Association Of Saskatchewan (Regina) Inc,Saskatchewan,https://www.iaosregina.com/,3273 Montague Street,Regina,Regina,,,,,
Islamic Association of Saskatchewan Yorkton,Saskatchewan,https://www.iaosyorkton.com/,17 1st Ave N,Yorkton,Yorkton,,,,,
Islamic Centre (North Battleford),Saskatchewan,,"1761 99 St, North Battleford, SK S9A 0R6",North Battleford,North Battleford,,,,,
Islamic Centre of Swift Current,Saskatchewan,,"25 Central Ave S, Swift Current, SK S9H 3E7",Swift Current,Swift Current,,,,,
Islamic Society of Regina Masjid,Saskatchewan,https://isrregina.ca/,5048 Sherwood Dr,Regina,Regina,,,,,
Jamia Riyadul Jannah,Saskatchewan,https://jrjsk.ca/,2233 Hanselman Ave,Saskatoon,Saskatoon,,,,,
Lloydislamiccenter Islamic Foundation,Saskatchewan,https://lloydminsterislamiccenter.com/,"4610 49 Ave, Lloydminster, SK S9V 0T2",Lloydminster,Lloydminster,,,,,
Madni Islamic Center & Mosque,Saskatchewan,https://www.madnicanada.ca/,639 Pasqua Street North,Regina,Regina,,,,,
Prairie Muslim Association,Saskatchewan,https://saskatoonmosque.com/,3350 Fairlight Drive,Saskatoon,Saskatoon,,,,,
Prince Albert Masjid,Saskatchewan,,2727 2 Avenue West,Prince Albert,Prince Albert,,,,,
Rahmah Centre INC,Saskatchewan,https://rahmahcentre.com/,1237 Albert St,Regina,Regina,,,,,
Regina City Jamia Masjid,Saskatchewan,https://citymasjid.ca/,1910 McIntyre St,Regina,Regina,,,,,
Rosetown Islamic Centre,Saskatchewan,https://rosetownislamiccentre.org/,"310 Main St, Rosetown, SK S0L 0B6",Rosetown,Rosetown,,,,,
Saskatoon Dawah & Community Center and Mosque,Saskatchewan,https://dawahcenter.ca/,2220 20th Street West,Saskatoon,Saskatoon,,,,,
Yukon Muslim Society,Yukon,https://yukonmuslims.com/home/,"2178 2nd Ave, Whitehorse, YT Y1A 5N6",Whitehorse,Whitehorse Region,,,,,